0.52479,0.54959,0.53719,0.5124,0.54545,0.59917,0.50826,0.54959,0.49174,0.52893,0.52893,0.57025,0.58678,0.53719,0.46281,0.45455,0.46694,0.52893,0.55372,0.54545,0.50826,0.44628,0.5,0.46694,0.58678,0.47934,0.47107,0.5124,0.53306,0.60744,0.55785,0.5124,0.54545,0.52066,0.53719,0.54132,0.52893,0.52893,0.53719,0.5124,0.52066,0.54959,0.49587,0.53306,0.52066,0.54545,0.5124,0.49174,0.48347,0.48347,0.50826,0.48347,0.46281,0.46281,0.51653,0.5124,0.4876,0.53306,0.52479,0.54132,0.49174,0.52479,0.49587,0.52479,0.52066,0.53719,0.56612,0.57438,0.54545,0.57438,0.55785,0.55372,0.52893,0.54132,0.51653,0.52893,0.50413,0.51653,0.5,0.45868,0.46694,0.5124,0.49587,0.48347,0.50413,0.53306,0.53719,0.49174,0.53306,0.53719,0.5,0.53719,0.54132,0.50826,0.47934,0.4876,0.5,0.46694,0.47521,0.49587,0.4876,0.55785,0.57025,0.57438,0.57438,0.52893,0.47934,0.49174,0.49587,0.49587,0.47934,0.50826,0.52893,0.43388,0.47521,0.52479,0.54132,0.47934,0.5,0.47934,0.54545,0.53306,0.50826,0.48347,0.5,0.47934,0.52066,0.52893,0.48347,0.46694,0.46694,0.47107,0.54132,0.51653,0.49587,0.52066,0.5124,0.49174,0.53719,0.53306,0.55372,0.52066,0.5,0.49174,0.47934,0.5124,0.55785,0.50413,0.49174,0.36777,0.42975,0.46694,0.47521,0.47107,0.48347,0.47107,0.47934,0.44215,0.44628,0.44628,0.47521,0.45868,0.45868,0.51653,0.52479,0.53719,0.53719,0.55785,0.53306,0.54959,0.55785,0.55372,0.52479,0.53719,0.57025,0.54132,0.54959,0.52479,0.61157,0.61157,0.60331,0.60331,0.59091,0.57438,0.56612,0.55785,0.56612,0.59504,0.57025,0.54545,0.53719,0.53306,0.61983,0.62397,0.59917,0.56612,0.57438,0.59091,0.57851,0.59504,0.56612,0.60744,0.59091,0.57851,0.54959,0.58264,0.58678,0.62397,0.64463,0.62397,0.61157,0.57851,0.60331,0.57851,0.59091,0.61157,0.54959,0.54959,0.5,0.51653,0.52893,0.53306,0.60331,0.59917,0.52066,0.54132,0.57438,0.55372,0.57025,0.60331,0.58678,0.59917,0.61983,0.61983,0.59917,0.60331,0.57025,0.59091,0.60744,0.57025,0.57438,0.57025,0.56612,0.58678,0.58264,0.53719,0.56612,0.53719,0.59917,0.54132,0.60331,0.55785,0.52066,0.54959,0.56198,0.53719,0.58678,0.57851,0.56612,0.59091,0.57851,0.54545,0.56198,0.52893,0.51653,0.56612,0.54132,0.51653,0.51653,0.53306,0.51653,0.52893,0.56198,0.53719,0.53306,0.54132,0.54132,0.50826,0.50413,0.53719,0.5124,0.55785,0.53306,0.54132,0.54959,0.58264,0.58264,0.59091,0.54545,0.56612,0.55785,0.57025,0.56198,0.56198,0.54545,0.55372,0.52479,0.50826,0.54545,0.53719,0.52066,0.54959,0.55785,0.54959,0.58678,0.5124,0.51653,0.52066,0.5124,0.50413,0.52066,0.5124,0.55372,0.50413,0.53306,0.52066,0.47521,0.53719,0.47107,0.51653,0.5,0.53306,0.50826,0.57851,0.59091,0.54132,0.56612,0.58678,0.60331,0.59091,0.57025,0.56198,0.60331,0.54959,0.54959,0.55372,0.58264,0.54545,0.54545,0.59504,0.54959,0.55372,0.52479,0.53719,0.53306,0.49587,0.57025,0.49174,0.51653,0.53719,0.56612,0.55372,0.56612,0.50826,0.54545,0.57025,0.53719,0.5
0.49038,0.47115,0.43269,0.54808,0.52404,0.52885,0.52885,0.5625,0.45673,0.50962,0.52404,0.47596,0.48077,0.54327,0.46635,0.42788,0.47596,0.51442,0.48077,0.53365,0.53846,0.52404,0.49038,0.52885,0.50481,0.4375,0.45192,0.41827,0.47115,0.45673,0.47115,0.46635,0.47596,0.48558,0.48077,0.58173,0.53365,0.5,0.44231,0.45192,0.5,0.49519,0.48558,0.51442,0.52885,0.46635,0.5,0.53846,0.53846,0.52885,0.49038,0.49519,0.40385,0.48558,0.51442,0.50481,0.52885,0.52885,0.48558,0.47596,0.5,0.5,0.49038,0.49038,0.50962,0.52885,0.52885,0.57212,0.55769,0.55769,0.49519,0.54808,0.61538,0.56731,0.54327,0.53846,0.51923,0.54808,0.52404,0.50962,0.46154,0.51923,0.56731,0.57212,0.55769,0.52404,0.55288,0.56731,0.53365,0.60577,0.57212,0.54808,0.58173,0.58173,0.5,0.55769,0.58654,0.55769,0.58654,0.53365,0.53846,0.5625,0.56731,0.49519,0.51923,0.55288,0.58173,0.48077,0.46635,0.49519,0.4375,0.49519,0.45673,0.45673,0.45673,0.52404,0.48077,0.5,0.48558,0.50481,0.51923,0.55288,0.5,0.51442,0.49519,0.55769,0.48077,0.53846,0.53365,0.53365,0.49038,0.51442,0.50481,0.56731,0.51923,0.52404,0.51923,0.55769,0.60096,0.61538,0.5625,0.53365,0.50481,0.53846,0.50481,0.5625,0.57212,0.49038,0.52885,0.51442,0.51923,0.52404,0.50481,0.55769,0.55769,0.57212,0.56731,0.52885,0.57212,0.55288,0.5625,0.50481,0.54327,0.50962,0.50962,0.53365,0.59615,0.58173,0.58173,0.54808,0.52885,0.54327,0.58173,0.57692,0.51923,0.53846,0.55769,0.55769,0.53365,0.57692,0.59615,0.59615,0.54808,0.52885,0.53846,0.55769,0.52404,0.49038,0.54327,0.58654,0.59135,0.58654,0.61538,0.57212,0.61538,0.58173,0.54327,0.57212,0.52885,0.5625,0.57692,0.65385,0.63942,0.62981,0.61058,0.5625,0.625,0.59615,0.60577,0.56731,0.625,0.57212,0.57692,0.55288,0.5625,0.58654,0.60096,0.5625,0.55769,0.5625,0.58654,0.61538,0.62981,0.61058,0.61058,0.60577,0.60096,0.60577,0.59615,0.53846,0.54327,0.55769,0.58173,0.60577,0.57212,0.61058,0.56731,0.59615,0.55769,0.5625,0.58654,0.59615,0.61538,0.59135,0.625,0.60096,0.62019,0.60577,0.59615,0.57212,0.60096,0.61538,0.62981,0.61538,0.58173,0.62981,0.57692,0.62019,0.5625,0.60577,0.55769,0.55769,0.5625,0.61058,0.60096,0.60096,0.58654,0.56731,0.55769,0.55769,0.53846,0.59135,0.59135,0.55288,0.60577,0.64904,0.63462,0.63462,0.62019,0.66827,0.61538,0.625,0.60096,0.60577,0.60096,0.64423,0.59615,0.63462,0.59135,0.61538,0.60577,0.59135,0.58654,0.60096,0.54327,0.55769,0.57212,0.53365,0.55769,0.58173,0.59135,0.58173,0.59135,0.61058,0.58654,0.56731,0.57212,0.5625,0.53846,0.58173,0.5625,0.57212,0.58173,0.59135,0.61058,0.53846,0.55288,0.55769,0.59135,0.58654,0.56731,0.57212,0.55769,0.55769,0.59615,0.625,0.57692,0.56731,0.61538,0.62981,0.65385,0.66827,0.67308,0.64423,0.60096,0.66346,0.65385,0.65865,0.61538,0.62019,0.61058,0.62981,0.59135,0.62981,0.58173,0.62019,0.59135,0.61058,0.60096,0.64423,0.63462,0.62981,0.69231,0.60096,0.60096,0.61058,0.62019,0.625
0.44767,0.43605,0.46512,0.56977,0.55233,0.49419,0.56977,0.52907,0.51744,0.52907,0.53488,0.51163,0.50581,0.44767,0.47093,0.48837,0.48837,0.49419,0.59884,0.5407,0.56395,0.54651,0.57558,0.60465,0.56977,0.52326,0.4186,0.50581,0.47674,0.49419,0.48837,0.48256,0.48256,0.50581,0.51163,0.56977,0.48837,0.48837,0.52326,0.52907,0.4593,0.5,0.59302,0.62791,0.62791,0.5407,0.54651,0.47674,0.47674,0.55814,0.52907,0.57558,0.52326,0.52907,0.49419,0.46512,0.43605,0.43023,0.43605,0.43023,0.4186,0.47674,0.5,0.5,0.52326,0.61047,0.52907,0.51163,0.55814,0.56977,0.56395,0.52907,0.55233,0.51163,0.52326,0.48256,0.49419,0.51744,0.51163,0.53488,0.54651,0.55814,0.51744,0.53488,0.51744,0.50581,0.57558,0.56395,0.56395,0.58721,0.53488,0.47674,0.51744,0.5814,0.56977,0.55233,0.55814,0.53488,0.50581,0.57558,0.51744,0.56977,0.50581,0.57558,0.55233,0.54651,0.51744,0.53488,0.59302,0.55233,0.54651,0.53488,0.58721,0.55814,0.5407,0.5814,0.54651,0.5407,0.54651,0.52907,0.49419,0.56977,0.51744,0.48256,0.53488,0.5814,0.59302,0.59884,0.51744,0.5407,0.5,0.52907,0.51163,0.55814,0.52907,0.52326,0.52907,0.5407,0.5407,0.47093,0.48256,0.55233,0.53488,0.5,0.49419,0.51163,0.50581,0.53488,0.5,0.51744,0.53488,0.5,0.47093,0.54651,0.52326,0.49419,0.52326,0.52326,0.48837,0.51744,0.46512,0.53488,0.52326,0.52326,0.50581,0.5,0.52326,0.49419,0.51163,0.51744,0.48256,0.46512,0.50581,0.4593,0.48837,0.44186,0.5,0.49419,0.47093,0.48837,0.45349,0.46512,0.48256,0.47674,0.48837,0.47674,0.44767,0.44767,0.5407,0.48837,0.47093,0.47093,0.46512,0.51163,0.49419,0.47093,0.46512,0.53488,0.51163,0.51744,0.52907,0.53488,0.49419,0.48837,0.56395,0.55233,0.54651,0.55814,0.53488,0.56395,0.55814,0.5,0.55233,0.55233,0.51163,0.51744,0.52326,0.51744,0.54651,0.52907,0.56395,0.54651,0.56977,0.52326,0.52326,0.52326,0.5,0.47674,0.51744,0.52907,0.48837,0.52907,0.53488,0.46512,0.48256,0.5,0.45349,0.51163,0.4593,0.5,0.47674,0.47674,0.43605,0.47093,0.49419,0.51163,0.52326,0.50581,0.5407,0.53488,0.52907,0.51744,0.53488,0.5407,0.51744,0.53488,0.54651,0.45349,0.53488,0.51163,0.53488,0.4593,0.48837,0.47093,0.54651,0.5,0.5,0.51163,0.47674,0.51163,0.48837,0.52326,0.53488,0.52907,0.52326,0.56395,0.52907,0.48837,0.50581,0.5814,0.52907,0.5407,0.54651,0.52326,0.48256,0.52907,0.49419,0.51163,0.47674,0.56395,0.53488,0.54651,0.55814,0.48256,0.44767,0.48837,0.52907,0.51163,0.49419,0.5,0.48256,0.5407,0.51163,0.53488,0.55814,0.52907,0.51163,0.5,0.53488,0.54651,0.54651,0.5814,0.54651,0.47674,0.56395,0.47093,0.54651,0.51163,0.56977,0.50581,0.54651,0.5407,0.55814,0.55233,0.5,0.56395,0.56395,0.55233,0.53488,0.56977,0.55233,0.54651,0.54651,0.52326,0.52907,0.51744,0.48256,0.44767,0.47093,0.42442,0.50581,0.5407,0.48837,0.45349,0.4593,0.48256,0.47674,0.47674,0.47093,0.5,0.52907,0.51744,0.50581,0.4593,0.50581,0.5407,0.46512,0.55814
0.52119,0.5339,0.5339,0.52966,0.55085,0.61864,0.54237,0.50847,0.46186,0.51695,0.44492,0.49576,0.46186,0.45763,0.48305,0.54237,0.5339,0.50424,0.48729,0.49153,0.51271,0.48729,0.4322,0.49576,0.59746,0.54661,0.52966,0.52966,0.52966,0.51271,0.5,0.50847,0.61441,0.54661,0.46186,0.45763,0.44068,0.51695,0.56356,0.53814,0.49153,0.40254,0.49576,0.44492,0.45339,0.50847,0.52542,0.5339,0.54237,0.55932,0.47881,0.52542,0.47458,0.44915,0.48729,0.52119,0.54661,0.50424,0.5339,0.55508,0.57627,0.54237,0.52119,0.54661,0.49576,0.51271,0.47034,0.41949,0.44068,0.41525,0.4322,0.44492,0.41525,0.44068,0.47881,0.4322,0.47881,0.4661,0.43644,0.42373,0.41949,0.39831,0.44915,0.50847,0.50847,0.45339,0.4661,0.47034,0.49153,0.49576,0.47881,0.47881,0.50424,0.48305,0.49576,0.50847,0.55508,0.51695,0.44492,0.47458,0.47034,0.5339,0.50424,0.50424,0.52119,0.54661,0.55932,0.49153,0.49576,0.42373,0.47881,0.47458,0.45763,0.47881,0.52542,0.50847,0.5678,0.52966,0.49153,0.52966,0.51271,0.51271,0.49153,0.45339,0.48729,0.47034,0.47458,0.4661,0.51695,0.50424,0.50847,0.5339,0.46186,0.45763,0.46186,0.47034,0.50847,0.59322,0.55085,0.51271,0.51695,0.47881,0.52119,0.53814,0.55932,0.52119,0.5339,0.48729,0.5,0.5,0.47458,0.52966,0.48729,0.48729,0.5,0.41525,0.45339,0.51271,0.44915,0.47881,0.42373,0.46186,0.44068,0.35593,0.41525,0.41949,0.48305,0.48729,0.47881,0.4661,0.4661,0.47458,0.48305,0.47881,0.45763,0.47881,0.44068,0.44492,0.42373,0.4661,0.43644,0.45763,0.47034,0.45339,0.44915,0.48305,0.54237,0.55085,0.48305,0.42373,0.44068,0.43644,0.47034,0.52966,0.55508,0.58475,0.55508,0.55508,0.54237,0.51695,0.50847,0.56356,0.55932,0.46186,0.44915,0.46186,0.44915,0.48729,0.49153,0.50847,0.52542,0.50847,0.42797,0.43644,0.45339,0.42373,0.48729,0.5339,0.5678,0.57203,0.55508,0.55085,0.49153,0.51271,0.52119,0.50424,0.49576,0.49576,0.5339,0.49153,0.47881,0.49576,0.49576,0.51271,0.55932,0.58051,0.60169,0.55085,0.55508,0.55085,0.5339,0.56356,0.58475,0.5339,0.50424,0.5,0.50847,0.51271,0.51271,0.52542,0.48729,0.50847,0.49576,0.55508,0.56356,0.53814,0.58898,0.56356,0.56356,0.52119,0.52542,0.48729,0.53814,0.50847,0.52542,0.54661,0.53814,0.52119,0.48729,0.51695,0.52119,0.50847,0.51695,0.52966,0.52119,0.5,0.48729,0.52542,0.50424,0.47881,0.5,0.47034,0.48729,0.47034,0.4661,0.47881,0.44068,0.48305,0.48305,0.52119,0.4661,0.52542,0.49153,0.49153,0.47881,0.52542,0.47034,0.50424,0.50424,0.56356,0.51695,0.51695,0.52542,0.52542,0.52119,0.50847,0.51271,0.51271,0.50424,0.49153,0.46186,0.48729,0.50847,0.52966,0.51271,0.52119,0.49576,0.5,0.51695,0.48305,0.45339,0.45339,0.4661,0.38983,0.50847,0.47034,0.51271,0.52119,0.47458,0.44915,0.48305,0.5339,0.48305,0.45763,0.4661,0.43644,0.45339,0.43644,0.44915,0.49576,0.44068,0.44915,0.45339,0.5339,0.52119,0.51271,0.49576,0.46186,0.49153,0.47458,0.50847,0.49153,0.44915,0.44068,0.4322,0.48305,0.4322,0.4322
0.44068,0.44068,0.45339,0.52966,0.50424,0.47458,0.5,0.52119,0.52119,0.49153,0.48729,0.49153,0.5339,0.49576,0.51695,0.5,0.52542,0.49576,0.46186,0.53814,0.51271,0.48305,0.44068,0.52119,0.50424,0.54237,0.45339,0.51695,0.52542,0.56356,0.52542,0.50424,0.51695,0.54237,0.57203,0.52119,0.54237,0.52966,0.50847,0.52119,0.47881,0.50424,0.46186,0.49576,0.45763,0.47034,0.52542,0.52966,0.52542,0.48729,0.41102,0.38559,0.41525,0.45339,0.5339,0.55932,0.5339,0.5,0.54661,0.49153,0.52966,0.52119,0.55932,0.55508,0.57627,0.5339,0.4661,0.49153,0.53814,0.49153,0.46186,0.47458,0.47458,0.5,0.49153,0.54237,0.53814,0.50424,0.49576,0.47881,0.52966,0.49576,0.47458,0.47881,0.50424,0.46186,0.5,0.50847,0.51271,0.50424,0.54237,0.5339,0.52966,0.55085,0.58051,0.5339,0.55085,0.53814,0.52966,0.50847,0.47034,0.46186,0.47034,0.48305,0.5,0.52119,0.58475,0.52966,0.52119,0.52966,0.50424,0.47881,0.50424,0.55085,0.52542,0.52966,0.52966,0.43644,0.50847,0.56356,0.52119,0.57627,0.5339,0.55508,0.54661,0.58051,0.62712,0.52966,0.5678,0.57627,0.52966,0.51271,0.48305,0.51271,0.47881,0.51271,0.5,0.51271,0.55932,0.5678,0.59322,0.58898,0.56356,0.57627,0.54661,0.5339,0.5,0.47881,0.55508,0.55085,0.57203,0.49576,0.46186,0.5678,0.59746,0.59322,0.52119,0.49153,0.46186,0.44492,0.51695,0.52119,0.51271,0.55508,0.56356,0.52542,0.4661,0.48305,0.49576,0.47458,0.47881,0.49576,0.45339,0.5678,0.58051,0.54237,0.52542,0.48305,0.52119,0.56356,0.50424,0.52542,0.56356,0.55508,0.52542,0.5,0.52966,0.51271,0.5,0.4661,0.46186,0.47458,0.5,0.47458,0.49576,0.54661,0.52119,0.5339,0.51695,0.50847,0.49576,0.4661,0.52542,0.5,0.54237,0.54237,0.52119,0.49153,0.50847,0.50424,0.49153,0.41525,0.44492,0.52966,0.5,0.50847,0.59322,0.5678,0.57627,0.57627,0.54237,0.56356,0.52966,0.52542,0.51271,0.54237,0.52119,0.52966,0.49153,0.48729,0.44492,0.46186,0.48305,0.52119,0.52119,0.55508,0.57203,0.55085,0.55085,0.51271,0.50424,0.51695,0.52119,0.54237,0.51271,0.52966,0.50424,0.4661,0.52119,0.51271,0.49576,0.5339,0.47034,0.45339,0.44492,0.42797,0.39407,0.47458,0.4661,0.48305,0.5,0.54237,0.47034,0.50424,0.52966,0.51271,0.47881,0.49576,0.5339,0.46186,0.49576,0.48729,0.47881,0.45763,0.49576,0.49576,0.50424,0.54237,0.51271,0.51271,0.54661,0.47034,0.47458,0.4661,0.4661,0.47034,0.55085,0.5339,0.50424,0.42797,0.44068,0.44915,0.49153,0.52119,0.55932,0.53814,0.48729,0.50424,0.51271,0.48729,0.47458,0.45339,0.46186,0.53814,0.60593,0.55085,0.53814,0.45339,0.46186,0.49153,0.49153,0.47034,0.51271,0.49576,0.53814,0.54661,0.50424,0.52119,0.48305,0.50847,0.51271,0.52966,0.53814,0.5,0.48305,0.48305,0.5339,0.5678,0.59746,0.55508,0.52966,0.50847,0.51695,0.50424,0.48729,0.49576,0.49153,0.51271,0.52542,0.52542,0.54661,0.52966,0.53814,0.51695,0.52966,0.51695,0.48729,0.5,0.5,0.48729,0.50847,0.49153,0.50424,0.5,0.59322,0.54661,0.54661,0.55932
0.48031,0.56693,0.49213,0.49606,0.49606,0.5315,0.5,0.46457,0.44882,0.45669,0.46063,0.48031,0.47638,0.53543,0.5,0.51181,0.45276,0.44882,0.51969,0.5315,0.51575,0.55118,0.53937,0.5748,0.51575,0.49606,0.47244,0.42913,0.48425,0.4252,0.38583,0.42126,0.5,0.52362,0.52362,0.51969,0.49213,0.49606,0.48031,0.57874,0.58661,0.57874,0.53937,0.52756,0.49606,0.47244,0.41732,0.45276,0.53543,0.56693,0.59843,0.55906,0.50394,0.46457,0.5,0.50394,0.45276,0.47638,0.51575,0.49606,0.51969,0.55512,0.56693,0.54331,0.50787,0.47244,0.51575,0.51181,0.47638,0.46063,0.50787,0.55118,0.52362,0.51969,0.5315,0.54331,0.5,0.51969,0.48031,0.51969,0.47244,0.46063,0.48819,0.50787,0.51181,0.51181,0.52362,0.6063,0.55512,0.54331,0.4685,0.50787,0.48425,0.43701,0.47244,0.51181,0.5,0.48031,0.51575,0.48425,0.51181,0.55118,0.54331,0.51181,0.46063,0.50787,0.49606,0.52362,0.53543,0.53543,0.5748,0.53937,0.53543,0.49213,0.45669,0.4685,0.48425,0.50394,0.53937,0.50787,0.51575,0.5315,0.53543,0.51969,0.51575,0.50787,0.52756,0.53543,0.55118,0.52756,0.55906,0.5315,0.51575,0.56693,0.5748,0.56693,0.57087,0.54331,0.50394,0.49213,0.50787,0.5,0.5,0.52756,0.50787,0.50787,0.55118,0.52756,0.51969,0.45669,0.45276,0.5,0.50787,0.52756,0.53543,0.5,0.52756,0.49213,0.48031,0.47244,0.49606,0.49606,0.4685,0.48819,0.49213,0.47638,0.46457,0.55512,0.58268,0.51575,0.53543,0.50394,0.51969,0.48031,0.48031,0.5315,0.5315,0.54331,0.51181,0.49213,0.54724,0.51575,0.55512,0.53937,0.57874,0.59055,0.61024,0.61417,0.55906,0.5748,0.55118,0.55118,0.61024,0.58268,0.5748,0.58661,0.54724,0.59055,0.61024,0.59449,0.59843,0.59449,0.57087,0.55118,0.5748,0.55906,0.55512,0.53937,0.52756,0.53543,0.54724,0.58661,0.59055,0.55906,0.58661,0.60236,0.56299,0.56299,0.58661,0.61811,0.61024,0.59449,0.60236,0.57874,0.55906,0.59449,0.59055,0.61024,0.5748,0.56299,0.55512,0.51181,0.51181,0.48425,0.50394,0.51969,0.47638,0.54331,0.51969,0.55512,0.51181,0.55118,0.55906,0.52362,0.52756,0.48425,0.49213,0.5,0.50787,0.47244,0.5315,0.48425,0.49213,0.51575,0.46457,0.48425,0.49606,0.47638,0.50787,0.48031,0.50787,0.56299,0.51575,0.47638,0.51969,0.52756,0.5,0.51575,0.5315,0.56299,0.50394,0.5315,0.51575,0.55906,0.58268,0.57087,0.56299,0.58661,0.56299,0.58661,0.56693,0.52362,0.54724,0.52362,0.49606,0.51575,0.51181,0.55512,0.54331,0.55906,0.59055,0.61811,0.5315,0.55118,0.57087,0.58661,0.59843,0.56299,0.56693,0.55118,0.52362,0.5,0.55118,0.50787,0.5,0.56299,0.55512,0.55512,0.55906,0.56693,0.56299,0.54724,0.55118,0.56693,0.56299,0.57087,0.56693,0.52362,0.55906,0.52362,0.57087,0.58661,0.59055,0.58661,0.55512,0.53937,0.55906,0.53543,0.55118,0.54331,0.56693,0.47244,0.50394,0.48425,0.52362,0.5315,0.56693,0.55906,0.55512,0.59055,0.58661,0.59449,0.55906,0.54331,0.51575,0.55512,0.5748,0.59843,0.61024,0.61417,0.61024,0.59843,0.56299,0.54331,0.55512,0.56299,0.54331,0.53543
0.55159,0.54762,0.56746,0.53571,0.5,0.49603,0.42857,0.48016,0.5,0.50397,0.49206,0.5,0.53571,0.51984,0.47222,0.47222,0.42857,0.48413,0.53571,0.51587,0.54762,0.53571,0.58333,0.54365,0.52778,0.59524,0.50397,0.5,0.51587,0.53175,0.55556,0.55556,0.52381,0.55952,0.57937,0.50397,0.47619,0.42857,0.46825,0.48413,0.43651,0.4246,0.46429,0.5,0.50794,0.43651,0.40476,0.46429,0.44048,0.5119,0.50397,0.5,0.50794,0.52778,0.4881,0.48413,0.45635,0.46429,0.53571,0.48016,0.5,0.49603,0.49603,0.51587,0.46825,0.44444,0.38492,0.4127,0.45635,0.44841,0.4881,0.43651,0.44841,0.5119,0.50397,0.4881,0.53571,0.50397,0.46825,0.47222,0.48413,0.48413,0.5,0.5,0.50794,0.4881,0.50794,0.51587,0.4881,0.45635,0.55159,0.53968,0.53968,0.53968,0.49603,0.53175,0.5754,0.53175,0.56746,0.55159,0.55556,0.56349,0.57937,0.53175,0.56349,0.56746,0.49206,0.5119,0.52778,0.52381,0.51587,0.5119,0.46825,0.53571,0.50397,0.47222,0.46032,0.46429,0.4881,0.53571,0.50397,0.49603,0.48413,0.53968,0.5119,0.5119,0.4881,0.5,0.53175,0.50794,0.53571,0.54762,0.52381,0.53571,0.52381,0.53571,0.54365,0.5,0.45635,0.4881,0.47619,0.51587,0.4881,0.4881,0.49603,0.48016,0.44841,0.45635,0.48016,0.44444,0.51984,0.52381,0.45238,0.48016,0.52778,0.47619,0.47619,0.44444,0.48413,0.45635,0.45635,0.48413,0.48016,0.50794,0.50794,0.49603,0.5119,0.5,0.51587,0.5754,0.55556,0.54762,0.54762,0.47619,0.50794,0.53175,0.53175,0.55159,0.50397,0.47619,0.45635,0.48016,0.4881,0.46825,0.47619,0.49206,0.50397,0.44048,0.48413,0.48016,0.51587,0.47222,0.5,0.53571,0.51587,0.51984,0.52778,0.51587,0.54365,0.56746,0.51984,0.48016,0.4881,0.47619,0.5119,0.48016,0.46429,0.4881,0.47222,0.46429,0.49603,0.50794,0.4246,0.5,0.5119,0.49603,0.45635,0.49603,0.53968,0.48016,0.55556,0.55556,0.54762,0.52778,0.53968,0.51587,0.50397,0.49603,0.47222,0.48016,0.47222,0.49603,0.5,0.46825,0.53175,0.50794,0.49603,0.4881,0.48016,0.47222,0.46825,0.46429,0.48016,0.47619,0.50794,0.5119,0.49603,0.50397,0.51587,0.49206,0.45635,0.49206,0.46032,0.46429,0.48016,0.46825,0.45238,0.46032,0.4246,0.46032,0.53968,0.51587,0.50794,0.51587,0.52778,0.50794,0.50397,0.50397,0.47222,0.46825,0.44048,0.44048,0.41667,0.49206,0.47222,0.49206,0.46429,0.47619,0.46825,0.45635,0.53175,0.46825,0.50397,0.52778,0.52778,0.55952,0.56746,0.57143,0.55556,0.55159,0.55159,0.52381,0.53571,0.50794,0.53571,0.49206,0.5119,0.49603,0.5119,0.4881,0.4881,0.46825,0.48016,0.46429,0.47222,0.46825,0.47619,0.50794,0.55159,0.5,0.52381,0.49206,0.51587,0.50794,0.54365,0.53175,0.50397,0.45635,0.47222,0.45238,0.45635,0.46825,0.50794,0.47222,0.49603,0.49206,0.44444,0.46429,0.5119,0.44841,0.4881,0.46032,0.50794,0.49603,0.53175,0.51587,0.51587,0.51984,0.50794,0.52381,0.50397,0.48016,0.4881,0.49206,0.50794,0.47222,0.46825,0.43254,0.47619,0.50397,0.51984,0.53175,0.52381,0.54762,0.47619,0.48413,0.51984,0.54365
0.52804,0.5,0.51869,0.47664,0.45794,0.46262,0.49533,0.47196,0.54206,0.56542,0.54206,0.53271,0.53271,0.5,0.50467,0.43925,0.47196,0.49533,0.50467,0.5,0.46729,0.45794,0.54206,0.57477,0.54673,0.50935,0.5,0.54673,0.54673,0.50467,0.53271,0.52336,0.54206,0.56542,0.50935,0.51402,0.49533,0.52804,0.54673,0.55607,0.49533,0.50935,0.54206,0.48131,0.42523,0.40654,0.48598,0.53271,0.54673,0.44393,0.45327,0.49533,0.48131,0.47664,0.50935,0.52336,0.49065,0.55607,0.51869,0.48598,0.45794,0.49065,0.50935,0.53271,0.54206,0.55607,0.55607,0.56542,0.5514,0.49533,0.55607,0.55607,0.52336,0.51402,0.46262,0.54206,0.48131,0.4486,0.46729,0.48131,0.4486,0.42991,0.50935,0.48598,0.50935,0.53271,0.47664,0.47196,0.50935,0.52336,0.53738,0.49533,0.49533,0.50935,0.5,0.49533,0.4486,0.54673,0.52336,0.53271,0.5,0.45327,0.42056,0.45794,0.48598,0.41589,0.43458,0.42991,0.47664,0.5,0.55607,0.49065,0.46262,0.48598,0.50467,0.45794,0.4486,0.46262,0.5,0.51402,0.43458,0.48598,0.46262,0.4486,0.43925,0.51402,0.50467,0.51869,0.4486,0.44393,0.48598,0.45794,0.50935,0.50935,0.49065,0.47664,0.50467,0.50935,0.47196,0.5,0.50467,0.5514,0.48131,0.50467,0.5514,0.46729,0.49533,0.51402,0.47196,0.45794,0.45794,0.50467,0.47196,0.50935,0.54206,0.54206,0.54206,0.57477,0.56075,0.58411,0.59813,0.58879,0.55607,0.57009,0.54206,0.50935,0.54206,0.52804,0.54673,0.52336,0.57944,0.58879,0.53271,0.56075,0.51869,0.50467,0.52804,0.51402,0.51869,0.49065,0.51869,0.5,0.53271,0.56542,0.49065,0.52336,0.49533,0.56075,0.5514,0.53738,0.5,0.50935,0.49533,0.43925,0.47196,0.5,0.45327,0.46262,0.45794,0.45794,0.46729,0.5,0.48131,0.50467,0.48131,0.50935,0.45794,0.51402,0.5,0.51869,0.51402,0.52336,0.51869,0.54673,0.51869,0.5514,0.51869,0.56075,0.57944,0.5514,0.52336,0.51402,0.53271,0.53271,0.56542,0.54206,0.56075,0.48131,0.53738,0.51402,0.49533,0.48131,0.50935,0.51869,0.46729,0.46262,0.46729,0.37383,0.45794,0.49065,0.49533,0.50935,0.5514,0.51869,0.51869,0.53271,0.57477,0.56075,0.56542,0.53738,0.48131,0.51869,0.5,0.55607,0.53738,0.46262,0.52804,0.53271,0.47196,0.48131,0.50935,0.59346,0.53271,0.52804,0.50935,0.54206,0.52804,0.52336,0.49533,0.50467,0.51402,0.56542,0.56542,0.6028,0.61215,0.6215,0.58411,0.55607,0.5514,0.57944,0.57009,0.5514,0.55607,0.57477,0.57009,0.50467,0.49065,0.50467,0.54206,0.54206,0.54673,0.57477,0.57477,0.57477,0.56542,0.52804,0.50935,0.52336,0.52336,0.54673,0.53738,0.54206,0.52336,0.52336,0.51869,0.47196,0.49533,0.50935,0.48598,0.5514,0.52804,0.50935,0.5,0.51869,0.53271,0.51869,0.5514,0.52336,0.5514,0.56075,0.58879,0.57477,0.5,0.51869,0.53738,0.53271,0.49533,0.53271,0.50467,0.56075,0.53738,0.52804,0.53271,0.57009,0.54673,0.5514,0.56542,0.58879,0.5514,0.51869,0.56542,0.52804,0.56075,0.53271,0.5514,0.54673,0.53738,0.56075,0.54206,0.52336,0.51869,0.5514,0.50467,0.57009,0.57944,0.57944,0.54673,0.57009
0.46,0.48,0.444,0.408,0.432,0.44,0.448,0.484,0.436,0.48,0.512,0.528,0.532,0.556,0.548,0.552,0.496,0.46,0.436,0.504,0.436,0.48,0.412,0.42,0.504,0.5,0.56,0.544,0.468,0.448,0.48,0.516,0.504,0.468,0.436,0.448,0.468,0.428,0.512,0.5,0.536,0.544,0.536,0.484,0.5,0.444,0.468,0.512,0.492,0.5,0.524,0.544,0.5,0.536,0.544,0.532,0.504,0.492,0.524,0.476,0.472,0.48,0.488,0.532,0.592,0.58,0.576,0.54,0.48,0.476,0.484,0.52,0.464,0.536,0.496,0.54,0.476,0.46,0.468,0.508,0.568,0.564,0.56,0.584,0.52,0.544,0.488,0.512,0.516,0.552,0.492,0.528,0.5,0.532,0.484,0.488,0.48,0.5,0.536,0.52,0.584,0.56,0.564,0.516,0.536,0.512,0.552,0.52,0.496,0.512,0.444,0.44,0.464,0.468,0.548,0.54,0.492,0.492,0.524,0.48,0.464,0.412,0.464,0.468,0.512,0.464,0.504,0.484,0.492,0.476,0.492,0.496,0.52,0.472,0.508,0.548,0.56,0.592,0.58,0.536,0.576,0.548,0.576,0.588,0.56,0.556,0.548,0.528,0.492,0.496,0.496,0.468,0.528,0.516,0.484,0.524,0.508,0.528,0.5,0.484,0.536,0.52,0.484,0.528,0.504,0.516,0.504,0.532,0.524,0.504,0.484,0.452,0.528,0.52,0.476,0.476,0.448,0.468,0.452,0.444,0.456,0.428,0.452,0.464,0.44,0.44,0.428,0.468,0.472,0.452,0.464,0.436,0.392,0.424,0.436,0.512,0.484,0.488,0.472,0.492,0.508,0.468,0.492,0.468,0.452,0.436,0.452,0.48,0.484,0.516,0.504,0.484,0.5,0.536,0.536,0.516,0.488,0.476,0.476,0.456,0.496,0.452,0.448,0.508,0.508,0.436,0.496,0.472,0.472,0.436,0.46,0.468,0.476,0.516,0.52,0.528,0.524,0.512,0.532,0.5,0.456,0.48,0.488,0.476,0.484,0.484,0.5,0.564,0.568,0.544,0.548,0.556,0.552,0.568,0.524,0.508,0.488,0.456,0.488,0.488,0.52,0.5,0.46,0.476,0.448,0.532,0.512,0.548,0.524,0.52,0.532,0.544,0.58,0.536,0.576,0.524,0.524,0.496,0.476,0.492,0.484,0.48,0.536,0.552,0.544,0.484,0.512,0.496,0.528,0.52,0.468,0.5,0.468,0.456,0.472,0.488,0.488,0.464,0.476,0.504,0.436,0.428,0.472,0.432,0.408,0.44,0.456,0.476,0.504,0.484,0.436,0.452,0.476,0.52,0.512,0.5,0.532,0.548,0.544,0.48,0.452,0.468,0.424,0.504,0.512,0.536,0.536,0.512,0.476,0.508,0.508,0.496,0.56,0.52,0.504,0.496,0.492,0.512,0.52,0.508,0.532,0.524,0.484,0.48,0.532,0.524,0.504,0.544,0.508,0.48,0.504,0.5,0.484,0.512,0.52,0.524,0.496,0.452
0.42308,0.46154,0.49145,0.52564,0.51709,0.49145,0.49573,0.55983,0.49573,0.46154,0.41026,0.46581,0.48718,0.49573,0.51709,0.47436,0.45299,0.48291,0.50855,0.50427,0.51282,0.55983,0.52137,0.51282,0.51282,0.50427,0.54701,0.55556,0.47436,0.51709,0.49145,0.55128,0.57265,0.53419,0.45726,0.44444,0.53419,0.55128,0.5,0.50427,0.53846,0.45726,0.45726,0.49573,0.51282,0.48718,0.47863,0.44872,0.47863,0.53419,0.53419,0.54701,0.54701,0.46154,0.46154,0.5,0.49573,0.40171,0.43162,0.49145,0.46154,0.4188,0.49145,0.44017,0.53419,0.47863,0.52564,0.47863,0.47436,0.51282,0.46154,0.46581,0.45299,0.47863,0.50427,0.50427,0.45299,0.39744,0.47436,0.44872,0.46581,0.50855,0.49145,0.51709,0.50855,0.49145,0.48718,0.44444,0.43162,0.46154,0.52564,0.45726,0.47863,0.45299,0.45726,0.54274,0.5,0.51709,0.49145,0.53419,0.55556,0.52137,0.49145,0.45299,0.45299,0.42735,0.44017,0.50427,0.48718,0.52137,0.45726,0.44872,0.50427,0.52991,0.47863,0.55983,0.55556,0.57692,0.56838,0.58547,0.60256,0.60684,0.52991,0.52137,0.52991,0.48291,0.49573,0.55556,0.54701,0.51282,0.52137,0.44444,0.50427,0.49145,0.50855,0.52137,0.55128,0.54701,0.55983,0.52991,0.54701,0.47009,0.50855,0.49145,0.45726,0.51709,0.5,0.47009,0.47863,0.49573,0.50855,0.55128,0.5,0.5641,0.55128,0.50855,0.48718,0.48718,0.45726,0.46154,0.49573,0.52991,0.51709,0.52137,0.5641,0.52564,0.51709,0.48718,0.53419,0.50427,0.47009,0.45726,0.49145,0.43162,0.45299,0.4188,0.52991,0.49145,0.51709,0.50427,0.55556,0.55128,0.55556,0.53419,0.53419,0.55556,0.55983,0.56838,0.49573,0.5812,0.5641,0.53419,0.58974,0.5812,0.55983,0.55556,0.53419,0.51709,0.51709,0.46581,0.48718,0.52137,0.58547,0.57692,0.54701,0.52991,0.50855,0.52137,0.48718,0.50427,0.51709,0.50427,0.52564,0.52564,0.55128,0.53419,0.53846,0.53846,0.54701,0.55983,0.54701,0.53419,0.56838,0.53419,0.57692,0.58974,0.52564,0.5,0.55556,0.55556,0.54274,0.5641,0.62393,0.57265,0.58974,0.61111,0.55556,0.57265,0.53419,0.52991,0.53419,0.55128,0.55983,0.52137,0.46581,0.51709,0.56838,0.55983,0.50427,0.49573,0.44872,0.44444,0.48718,0.46154,0.49573,0.47863,0.49145,0.44017,0.45726,0.45299,0.46581,0.50427,0.47009,0.49145,0.49145,0.47436,0.47863,0.52991,0.56838,0.55128,0.50427,0.53419,0.49145,0.51282,0.51282,0.54274,0.55128,0.52137,0.50427,0.46154,0.46581,0.51282,0.48291,0.42308,0.53846,0.49573,0.44017,0.44872,0.47863,0.49573,0.51709,0.52564,0.52991,0.50427,0.50427,0.55556,0.52564,0.54274,0.55128,0.53846,0.5,0.52137,0.52991,0.51709,0.48291,0.54701,0.54701,0.52137,0.55128,0.52991,0.49573,0.52137,0.55128,0.54274,0.52564,0.55556,0.54701,0.54274,0.53419,0.53846,0.50855,0.51709,0.50855,0.49573,0.47863,0.52564,0.53419,0.53846,0.53419,0.53419,0.55983,0.51709,0.56838,0.47863,0.55128,0.54274,0.5,0.51709,0.52564,0.49573,0.49573,0.5,0.52137,0.51282,0.52137,0.51282,0.51282,0.48291,0.46154,0.48718,0.49573,0.54701,0.53419,0.53419,0.53419,0.50855,0.49145,0.50427
0.416,0.488,0.492,0.52,0.512,0.508,0.476,0.504,0.516,0.504,0.5,0.464,0.548,0.572,0.552,0.536,0.504,0.532,0.468,0.496,0.48,0.504,0.496,0.48,0.464,0.492,0.448,0.46,0.508,0.568,0.548,0.54,0.528,0.56,0.508,0.472,0.492,0.508,0.476,0.468,0.44,0.48,0.528,0.544,0.528,0.536,0.504,0.476,0.476,0.508,0.532,0.568,0.524,0.48,0.444,0.468,0.44,0.448,0.432,0.5,0.436,0.508,0.52,0.48,0.512,0.536,0.452,0.532,0.504,0.504,0.512,0.5,0.496,0.524,0.528,0.516,0.476,0.468,0.496,0.496,0.5,0.468,0.508,0.528,0.504,0.48,0.512,0.508,0.504,0.508,0.492,0.468,0.48,0.552,0.592,0.592,0.552,0.496,0.524,0.58,0.54,0.532,0.564,0.504,0.528,0.548,0.556,0.532,0.532,0.52,0.5,0.508,0.532,0.556,0.616,0.576,0.572,0.588,0.6,0.568,0.528,0.504,0.52,0.576,0.54,0.572,0.532,0.54,0.572,0.54,0.496,0.508,0.472,0.524,0.544,0.556,0.548,0.5,0.528,0.52,0.528,0.552,0.552,0.552,0.5,0.436,0.436,0.524,0.532,0.536,0.532,0.392,0.44,0.432,0.508,0.512,0.48,0.472,0.488,0.496,0.476,0.484,0.444,0.496,0.416,0.428,0.5,0.464,0.424,0.436,0.416,0.504,0.472,0.476,0.488,0.52,0.492,0.484,0.496,0.48,0.48,0.496,0.52,0.532,0.536,0.54,0.472,0.512,0.504,0.46,0.464,0.476,0.52,0.54,0.536,0.5,0.528,0.552,0.508,0.5,0.504,0.496,0.508,0.528,0.512,0.508,0.468,0.472,0.504,0.428,0.5,0.488,0.46,0.448,0.44,0.452,0.496,0.484,0.536,0.48,0.5,0.504,0.484,0.508,0.456,0.452,0.52,0.544,0.532,0.512,0.516,0.492,0.524,0.492,0.52,0.496,0.492,0.452,0.504,0.508,0.492,0.48,0.548,0.544,0.548,0.56,0.524,0.592,0.584,0.524,0.548,0.52,0.492,0.52,0.504,0.46,0.52,0.524,0.508,0.536,0.52,0.544,0.54,0.524,0.536,0.512,0.488,0.532,0.556,0.572,0.528,0.532,0.548,0.604,0.52,0.556,0.544,0.564,0.532,0.552,0.476,0.464,0.448,0.44,0.5,0.524,0.512,0.5,0.5,0.548,0.504,0.512,0.54,0.548,0.516,0.54,0.536,0.496,0.516,0.456,0.552,0.52,0.54,0.456,0.416,0.456,0.476,0.456,0.436,0.424,0.42,0.428,0.396,0.436,0.432,0.452,0.456,0.468,0.4,0.412,0.424,0.412,0.44,0.46,0.488,0.436,0.492,0.424,0.444,0.472,0.48,0.48,0.472,0.516,0.496,0.512,0.544,0.488,0.492,0.436,0.464,0.532,0.504,0.552,0.484,0.524,0.508,0.516,0.512,0.512,0.512,0.532,0.516,0.452,0.48,0.468,0.476,0.48
0.45089,0.49554,0.41071,0.45089,0.39286,0.41071,0.39286,0.40625,0.45089,0.49107,0.47321,0.50893,0.48661,0.54911,0.49107,0.48661,0.48661,0.4375,0.49554,0.51339,0.54911,0.49554,0.46875,0.45536,0.48214,0.5625,0.59375,0.55804,0.57589,0.49554,0.49107,0.54464,0.51339,0.47321,0.50446,0.44643,0.40179,0.48214,0.51786,0.51786,0.49554,0.46875,0.49107,0.45089,0.38393,0.4375,0.49554,0.45982,0.42857,0.47321,0.44196,0.50893,0.46875,0.50893,0.48661,0.47321,0.48214,0.49107,0.49554,0.52232,0.44196,0.45536,0.40625,0.41964,0.42857,0.49554,0.50893,0.45982,0.45982,0.49554,0.43304,0.43304,0.45089,0.51786,0.48214,0.4375,0.47768,0.45536,0.48661,0.5,0.52232,0.54464,0.51786,0.54911,0.45982,0.49554,0.45536,0.45982,0.41964,0.41964,0.44196,0.46875,0.49554,0.4375,0.46429,0.49107,0.44196,0.44643,0.41964,0.34821,0.41964,0.46429,0.45089,0.48661,0.54911,0.50446,0.51786,0.53571,0.50893,0.48214,0.47768,0.49107,0.45089,0.43304,0.44196,0.41071,0.375,0.47768,0.4375,0.45089,0.39732,0.39286,0.49107,0.50893,0.51786,0.5,0.47768,0.55357,0.58036,0.56696,0.5,0.51339,0.51339,0.57589,0.51786,0.47768,0.5,0.46429,0.5,0.5,0.46875,0.49554,0.47321,0.48214,0.52679,0.52232,0.51339,0.54018,0.48661,0.54464,0.54464,0.49554,0.5,0.51339,0.53125,0.5,0.52232,0.50893,0.42857,0.47321,0.45536,0.45089,0.49107,0.45982,0.46875,0.46429,0.50893,0.50893,0.53125,0.51786,0.54464,0.50446,0.48661,0.50446,0.48661,0.51786,0.55357,0.54911,0.56696,0.59821,0.54911,0.53125,0.59375,0.53571,0.54911,0.48661,0.52232,0.53125,0.53571,0.58036,0.53571,0.51786,0.51786,0.50893,0.50893,0.47321,0.4375,0.47768,0.45089,0.52232,0.53571,0.52679,0.50446,0.51786,0.48661,0.51786,0.50893,0.51339,0.53125,0.53571,0.53125,0.52232,0.54018,0.56696,0.51786,0.54018,0.53571,0.55357,0.55804,0.57143,0.55804,0.57143,0.56696,0.63393,0.54911,0.5,0.47321,0.47321,0.49107,0.48214,0.46875,0.45536,0.4375,0.5,0.52679,0.49554,0.51339,0.5,0.47321,0.51786,0.57589,0.58036,0.55804,0.52232,0.50446,0.46429,0.51786,0.52679,0.49554,0.59821,0.58036,0.60268,0.51786,0.51786,0.50446,0.57589,0.57143,0.56696,0.54911,0.55357,0.55804,0.54018,0.55357,0.48661,0.46429,0.46429,0.47321,0.5,0.48214,0.48214,0.49554,0.50893,0.54464,0.55357,0.50893,0.50446,0.48214,0.46429,0.53125,0.51786,0.46429,0.5,0.54464,0.50893,0.57589,0.55804,0.50893,0.53125,0.54018,0.52232,0.52679,0.50893,0.53125,0.51786,0.53125,0.51786,0.5,0.53571,0.53571,0.47768,0.44643,0.47768,0.42857,0.48214,0.46429,0.47768,0.4375,0.47321,0.47321,0.47321,0.49107,0.45536,0.51339,0.49107,0.46429,0.49107,0.5,0.51786,0.48214,0.5,0.5,0.46429,0.49107,0.50893,0.44643,0.48661,0.52232,0.47768,0.49554,0.51786,0.5,0.50446,0.50893,0.5,0.54018,0.5,0.50893,0.49107,0.56696,0.53571,0.5,0.54018,0.53125,0.53125,0.57143,0.53571,0.51339,0.52679,0.54464,0.47768,0.47768,0.48214,0.51339,0.48661,0.55357,0.47321,0.46875,0.44643
0.54583,0.5875,0.65,0.58333,0.53333,0.47917,0.46667,0.51667,0.4875,0.475,0.5,0.4875,0.47083,0.45833,0.47083,0.5125,0.475,0.525,0.57083,0.5125,0.525,0.52083,0.475,0.475,0.55833,0.61667,0.59167,0.5625,0.51667,0.4375,0.48333,0.51667,0.52083,0.51667,0.54167,0.55,0.5375,0.42083,0.4,0.42917,0.40417,0.44167,0.5125,0.49583,0.51667,0.45833,0.49167,0.4875,0.45,0.5125,0.55,0.55,0.57917,0.5125,0.45833,0.3875,0.40417,0.45,0.3875,0.475,0.44167,0.53333,0.5,0.475,0.46667,0.50417,0.4625,0.45833,0.5125,0.52917,0.49167,0.4625,0.50417,0.50417,0.51667,0.50833,0.55417,0.5,0.4875,0.525,0.44167,0.48333,0.52083,0.525,0.4875,0.53333,0.54167,0.51667,0.45417,0.52083,0.525,0.55833,0.55833,0.56667,0.5625,0.5375,0.49583,0.45,0.50417,0.51667,0.525,0.575,0.57083,0.52917,0.54583,0.52917,0.60417,0.59583,0.5375,0.50833,0.43333,0.45833,0.51667,0.525,0.5125,0.50833,0.47083,0.45417,0.475,0.5,0.50833,0.49167,0.49583,0.4625,0.45833,0.46667,0.4375,0.45833,0.475,0.5125,0.49167,0.49167,0.5125,0.4125,0.45,0.475,0.46667,0.4625,0.47917,0.475,0.41667,0.41667,0.39167,0.45,0.525,0.51667,0.47917,0.46667,0.45417,0.50417,0.47083,0.49583,0.425,0.40417,0.45417,0.49167,0.44583,0.43333,0.45833,0.4125,0.4375,0.4375,0.4375,0.5,0.4625,0.44583,0.48333,0.39583,0.45417,0.5,0.50833,0.54583,0.4875,0.50417,0.45,0.425,0.4625,0.45833,0.4375,0.45,0.46667,0.47083,0.52083,0.51667,0.47917,0.50417,0.54167,0.4875,0.5,0.4375,0.49167,0.53333,0.5375,0.50417,0.50833,0.525,0.525,0.525,0.51667,0.5375,0.53333,0.51667,0.46667,0.4625,0.50417,0.475,0.45,0.47917,0.45,0.48333,0.5125,0.5125,0.475,0.55,0.525,0.525,0.4625,0.49583,0.51667,0.5125,0.53333,0.475,0.49583,0.44583,0.40833,0.43333,0.38333,0.44583,0.4875,0.46667,0.45417,0.47083,0.47083,0.5,0.475,0.44167,0.4,0.4625,0.45,0.45,0.475,0.49167,0.52083,0.49167,0.4875,0.5,0.47917,0.48333,0.425,0.42917,0.4375,0.425,0.41667,0.45,0.45833,0.45,0.45417,0.45833,0.49167,0.44167,0.46667,0.46667,0.41667,0.425,0.42917,0.475,0.4875,0.43333,0.45833,0.47917,0.5125,0.47917,0.49583,0.51667,0.46667,0.45417,0.425,0.45,0.50417,0.4625,0.5,0.52083,0.5,0.5125,0.47917,0.46667,0.475,0.4625,0.475,0.4625,0.47917,0.47083,0.42917,0.40833,0.40417,0.39167,0.44167,0.5125,0.50417,0.49167,0.5125,0.54583,0.5625,0.5125,0.5,0.5125,0.52917,0.5375,0.525,0.47917,0.51667,0.53333,0.4875,0.5125,0.47083,0.52083,0.4875,0.45833,0.52083,0.49583,0.56667,0.5125,0.51667,0.5625,0.55,0.58333,0.575,0.57083,0.5125,0.56667,0.52083,0.575,0.56667,0.57083,0.5375,0.47917,0.47083,0.54583,0.49583,0.525,0.53333,0.5375,0.54583,0.5375,0.5625,0.57083,0.54583,0.53333,0.58333,0.55,0.60417,0.53333,0.54583,0.53333,0.5125,0.52917,0.51667,0.57083
0.45528,0.46341,0.49593,0.5122,0.4878,0.50407,0.46341,0.46748,0.47154,0.41463,0.39024,0.49593,0.46341,0.4878,0.55691,0.49187,0.49593,0.52439,0.56504,0.51626,0.4878,0.47967,0.54472,0.54472,0.5,0.52439,0.47154,0.49593,0.46341,0.47154,0.45528,0.52439,0.54065,0.50407,0.52846,0.45935,0.45528,0.48374,0.51626,0.46748,0.46748,0.43089,0.45935,0.44309,0.49187,0.47967,0.5,0.50407,0.45122,0.54472,0.62602,0.5122,0.4878,0.44309,0.47561,0.43089,0.54472,0.47154,0.50407,0.50407,0.52439,0.49187,0.46748,0.43089,0.45528,0.47561,0.5,0.50407,0.50813,0.47967,0.47561,0.48374,0.47967,0.42683,0.43089,0.49187,0.49187,0.49187,0.55691,0.52033,0.54065,0.52033,0.49593,0.47967,0.47561,0.42276,0.4065,0.47967,0.45935,0.4187,0.47561,0.52846,0.53659,0.5122,0.51626,0.5122,0.45528,0.48374,0.44309,0.47967,0.47154,0.47154,0.48374,0.47967,0.48374,0.54472,0.4878,0.51626,0.53252,0.48374,0.47154,0.50813,0.53252,0.47561,0.52439,0.45122,0.5122,0.49187,0.46748,0.54472,0.44309,0.50813,0.52439,0.57317,0.55285,0.52033,0.51626,0.54065,0.56911,0.57724,0.54878,0.54472,0.52439,0.52846,0.46341,0.5122,0.5122,0.54065,0.50813,0.53252,0.5122,0.52033,0.47561,0.52439,0.52033,0.52846,0.50813,0.53252,0.47967,0.5,0.47154,0.53252,0.55285,0.54065,0.5813,0.57724,0.5,0.5122,0.46341,0.45528,0.54472,0.56504,0.52033,0.52033,0.45528,0.46748,0.48374,0.5122,0.52033,0.47967,0.49593,0.52439,0.56098,0.52439,0.52846,0.52846,0.45935,0.51626,0.52033,0.54878,0.52439,0.47967,0.49593,0.53659,0.52033,0.56098,0.55691,0.58537,0.5813,0.52033,0.57317,0.4878,0.52846,0.52846,0.53252,0.52033,0.51626,0.5122,0.52439,0.5122,0.47967,0.47154,0.51626,0.46341,0.47561,0.43496,0.44715,0.45528,0.50407,0.51626,0.52439,0.51626,0.49593,0.53252,0.5,0.50813,0.51626,0.54878,0.52846,0.47967,0.47967,0.51626,0.55691,0.54878,0.55285,0.57317,0.5122,0.48374,0.5935,0.52439,0.49187,0.46341,0.51626,0.52033,0.48374,0.52439,0.51626,0.47967,0.55691,0.56504,0.52439,0.52033,0.55691,0.54878,0.50407,0.54065,0.57724,0.54878,0.57724,0.57724,0.54472,0.5935,0.56504,0.54878,0.57317,0.54878,0.55691,0.55691,0.56098,0.5122,0.50407,0.5,0.53252,0.54065,0.49187,0.56098,0.57724,0.56098,0.5813,0.57317,0.60976,0.56098,0.50813,0.47154,0.45122,0.49187,0.55285,0.54065,0.50407,0.53252,0.53252,0.53659,0.53252,0.53659,0.50813,0.52439,0.51626,0.4878,0.49187,0.5122,0.45935,0.46748,0.50407,0.57317,0.50407,0.52439,0.49593,0.52033,0.5122,0.53659,0.53659,0.54065,0.5813,0.50813,0.52439,0.49593,0.50813,0.46748,0.49593,0.52846,0.50813,0.52033,0.52033,0.57317,0.50407,0.52846,0.56504,0.53252,0.55691,0.55285,0.54878,0.50407,0.50407,0.44715,0.52846,0.54472,0.50407,0.46748,0.47967,0.44309,0.49187,0.47561,0.5122,0.47967,0.48374,0.47154,0.46748,0.43496,0.52033,0.53252,0.50407,0.52033,0.5122,0.50407,0.52033,0.47561,0.5,0.48374,0.52033,0.51626,0.53252,0.4878,0.4878,0.46341,0.52439,0.52846,0.5122,0.48374
0.4381,0.5,0.49048,0.51905,0.52857,0.49048,0.55238,0.50952,0.52381,0.5,0.51905,0.51905,0.53333,0.46667,0.45714,0.54762,0.46667,0.55238,0.57143,0.58571,0.50952,0.53333,0.39524,0.40476,0.40476,0.44286,0.38571,0.48095,0.47619,0.48095,0.53333,0.5381,0.4619,0.41905,0.43333,0.39048,0.37619,0.37143,0.50952,0.51905,0.51905,0.41429,0.4,0.40952,0.45714,0.46667,0.45238,0.50952,0.42381,0.45714,0.4,0.45238,0.5,0.45714,0.4619,0.53333,0.51905,0.59524,0.59048,0.5619,0.54286,0.46667,0.5,0.47619,0.41905,0.53333,0.54762,0.52857,0.45714,0.4619,0.47143,0.51429,0.53333,0.52381,0.49524,0.44286,0.42381,0.46667,0.41905,0.49048,0.47619,0.47619,0.5,0.55238,0.49524,0.48571,0.53333,0.61429,0.53333,0.49048,0.49048,0.5,0.46667,0.51905,0.50952,0.53333,0.53333,0.50476,0.47143,0.47143,0.48095,0.50952,0.50952,0.56667,0.51905,0.48571,0.49524,0.50476,0.45238,0.46667,0.48095,0.48571,0.44286,0.4619,0.48095,0.50952,0.48571,0.43333,0.49524,0.47143,0.45714,0.43333,0.41905,0.41905,0.41905,0.41905,0.47619,0.4381,0.42381,0.45238,0.48095,0.49524,0.51429,0.44762,0.44762,0.47143,0.44286,0.38095,0.3619,0.40476,0.41429,0.38095,0.43333,0.50476,0.44286,0.47619,0.51429,0.50476,0.45238,0.4619,0.48571,0.49524,0.52381,0.52381,0.5,0.55238,0.49524,0.49048,0.49524,0.47143,0.46667,0.52857,0.47143,0.4381,0.47143,0.43333,0.47619,0.47619,0.50476,0.51905,0.48571,0.5,0.46667,0.5,0.49048,0.49048,0.4619,0.50952,0.47619,0.55714,0.49524,0.45714,0.48571,0.49524,0.44762,0.5381,0.49524,0.48095,0.44762,0.45238,0.4381,0.45714,0.4,0.49048,0.52857,0.52381,0.50952,0.52381,0.50476,0.47143,0.51905,0.49048,0.54286,0.54286,0.50952,0.5619,0.51429,0.50476,0.49048,0.44762,0.4619,0.4619,0.39048,0.42381,0.44286,0.44286,0.50476,0.47619,0.44762,0.49048,0.47143,0.50476,0.51429,0.49524,0.4619,0.47619,0.49048,0.50952,0.47143,0.55238,0.49524,0.44286,0.43333,0.47143,0.48095,0.48571,0.46667,0.47143,0.48571,0.48571,0.47619,0.5381,0.49524,0.50476,0.52857,0.43333,0.45238,0.47619,0.4619,0.47619,0.4381,0.48095,0.43333,0.43333,0.44762,0.41429,0.49524,0.47619,0.47619,0.47143,0.42381,0.4619,0.48571,0.49048,0.49048,0.49048,0.48571,0.50952,0.49524,0.39048,0.43333,0.4381,0.4619,0.49048,0.49524,0.48095,0.47619,0.4381,0.4381,0.48571,0.49048,0.4619,0.41429,0.4619,0.45238,0.55714,0.52857,0.45714,0.40952,0.47619,0.41905,0.4619,0.47143,0.45238,0.45238,0.51429,0.55238,0.51429,0.52381,0.4619,0.51905,0.53333,0.5,0.50952,0.50952,0.5,0.56667,0.5619,0.5381,0.54762,0.57143,0.53333,0.52857,0.5,0.51429,0.49048,0.48095,0.48571,0.50952,0.49048,0.48571,0.51905,0.55714,0.6,0.59524,0.58095,0.56667,0.54286,0.51429,0.53333,0.55238,0.49048,0.50476,0.46667,0.49524,0.54286,0.51905,0.45238,0.5,0.53333,0.4381,0.51905,0.48095,0.46667,0.46667,0.51905,0.47619,0.45238,0.50476,0.50476,0.49524,0.49048,0.52381,0.47619,0.45238,0.48095,0.43333,0.44286
0.51639,0.52049,0.52459,0.51639,0.45902,0.45082,0.4959,0.52049,0.4918,0.51639,0.52459,0.52869,0.5082,0.5,0.54098,0.46721,0.45082,0.41803,0.5,0.52869,0.5041,0.45082,0.46311,0.45902,0.47951,0.54508,0.53689,0.51639,0.52049,0.48361,0.4959,0.46721,0.5041,0.47541,0.4959,0.47541,0.41803,0.41393,0.44672,0.43443,0.45902,0.53689,0.5123,0.5,0.4959,0.39754,0.43852,0.47541,0.5082,0.52049,0.4959,0.44672,0.4918,0.5041,0.45492,0.45492,0.47131,0.46311,0.39344,0.45082,0.45492,0.46721,0.5041,0.45902,0.4959,0.52869,0.52459,0.5041,0.52869,0.4877,0.5,0.5123,0.5,0.4877,0.5041,0.5082,0.46721,0.47951,0.4959,0.53279,0.55328,0.57787,0.54508,0.48361,0.4877,0.47951,0.38115,0.42213,0.47541,0.52869,0.53279,0.5123,0.5,0.53279,0.52869,0.47541,0.55328,0.4877,0.5123,0.47541,0.5,0.46311,0.43852,0.45082,0.4877,0.47951,0.4918,0.45082,0.46311,0.46721,0.45082,0.42213,0.45082,0.45082,0.41803,0.39344,0.45902,0.45492,0.46311,0.48361,0.53279,0.4959,0.52049,0.53689,0.4918,0.54098,0.52869,0.4918,0.5041,0.5123,0.5,0.54508,0.51639,0.5,0.52869,0.47951,0.52869,0.51639,0.44672,0.45492,0.44262,0.44262,0.44672,0.42623,0.47951,0.41803,0.47951,0.47131,0.42623,0.45082,0.47541,0.45082,0.5082,0.42623,0.44262,0.45902,0.4877,0.46721,0.4877,0.47131,0.45902,0.47541,0.52459,0.45902,0.51639,0.52869,0.4877,0.43852,0.45902,0.45902,0.43852,0.43852,0.45902,0.5041,0.51639,0.54918,0.58607,0.55328,0.57377,0.57377,0.48361,0.48361,0.47951,0.46721,0.47131,0.47131,0.46721,0.47951,0.45492,0.4918,0.47541,0.4959,0.45082,0.45492,0.45492,0.48361,0.45902,0.5041,0.45902,0.51639,0.5041,0.47541,0.46721,0.48361,0.47541,0.45492,0.5082,0.5041,0.46721,0.54508,0.52459,0.56967,0.56557,0.53279,0.5,0.47131,0.48361,0.5,0.5041,0.47131,0.47541,0.5041,0.5041,0.46311,0.43033,0.45082,0.4959,0.4918,0.48361,0.43852,0.45492,0.48361,0.5041,0.4959,0.4918,0.4918,0.45492,0.4918,0.5123,0.52869,0.5082,0.47131,0.47951,0.4877,0.48361,0.46311,0.45902,0.47131,0.52869,0.5123,0.5123,0.53279,0.5041,0.55738,0.54508,0.5082,0.52459,0.52049,0.5123,0.52459,0.54508,0.55738,0.52869,0.55328,0.45082,0.5082,0.53279,0.5082,0.52049,0.5082,0.5123,0.4959,0.47951,0.4918,0.43443,0.45492,0.47951,0.47131,0.51639,0.5082,0.5041,0.4918,0.53689,0.5082,0.56148,0.56557,0.54918,0.57377,0.59836,0.52459,0.54918,0.53689,0.5041,0.55328,0.52049,0.51639,0.54918,0.56148,0.56967,0.5,0.54918,0.4877,0.5,0.47131,0.44672,0.5082,0.4877,0.51639,0.52459,0.5041,0.5123,0.55738,0.52049,0.52049,0.46311,0.52459,0.5,0.56557,0.54508,0.4959,0.46721,0.45902,0.44262,0.51639,0.54098,0.55738,0.55738,0.53689,0.52869,0.44672,0.47131,0.4918,0.4877,0.47541,0.4959,0.48361,0.53279,0.52049,0.5123,0.5082,0.5041,0.4877,0.5041,0.4918,0.4959,0.4959,0.4959,0.52459,0.5082,0.5123,0.47131,0.45902,0.44672,0.47541,0.5123,0.53689,0.4918,0.5041
0.54065,0.49187,0.47154,0.52033,0.56098,0.5813,0.55285,0.52033,0.50813,0.43496,0.5,0.51626,0.55285,0.51626,0.52033,0.50813,0.50813,0.54065,0.57724,0.52033,0.4878,0.44715,0.45122,0.51626,0.5,0.46341,0.49187,0.44715,0.48374,0.50407,0.5,0.56504,0.54472,0.55285,0.48374,0.51626,0.51626,0.49187,0.50407,0.47561,0.4878,0.53252,0.49187,0.52846,0.56911,0.56098,0.56504,0.49593,0.50407,0.53659,0.4878,0.50407,0.54065,0.45935,0.47967,0.49187,0.50407,0.54065,0.54472,0.53659,0.53659,0.53252,0.57724,0.50407,0.49593,0.47154,0.47967,0.46748,0.46748,0.4878,0.47154,0.45528,0.43089,0.43902,0.42683,0.46341,0.42683,0.47967,0.47561,0.50407,0.52033,0.52033,0.5,0.5122,0.5,0.52846,0.53659,0.52846,0.52033,0.53252,0.49187,0.5,0.4878,0.52846,0.49187,0.49593,0.47967,0.47967,0.50407,0.47561,0.50407,0.47967,0.4878,0.50813,0.52846,0.51626,0.4878,0.47561,0.47154,0.45528,0.46748,0.4065,0.44715,0.4878,0.45528,0.53252,0.53252,0.5,0.55691,0.4878,0.52846,0.54472,0.52846,0.51626,0.48374,0.50813,0.47967,0.50813,0.5,0.50407,0.49593,0.54878,0.47561,0.45122,0.45935,0.43496,0.44715,0.43089,0.44715,0.4187,0.41463,0.45122,0.5122,0.49187,0.52033,0.48374,0.46748,0.47967,0.45935,0.49187,0.49593,0.50813,0.51626,0.5,0.50407,0.49187,0.49187,0.5,0.43089,0.47967,0.45935,0.4878,0.49593,0.47561,0.44309,0.4878,0.47967,0.52846,0.56911,0.48374,0.55285,0.50813,0.46748,0.50407,0.46748,0.54472,0.46748,0.4878,0.52033,0.48374,0.48374,0.45122,0.44715,0.5122,0.53252,0.55691,0.56911,0.53659,0.53659,0.56098,0.53252,0.52033,0.52439,0.50813,0.54065,0.5,0.54878,0.57317,0.55691,0.52439,0.53659,0.47561,0.49187,0.50813,0.5122,0.47561,0.5,0.52033,0.49593,0.49593,0.46748,0.52846,0.48374,0.43902,0.47561,0.51626,0.49593,0.47154,0.47967,0.43902,0.47967,0.5122,0.47967,0.47967,0.45528,0.49593,0.48374,0.52033,0.49187,0.48374,0.48374,0.45528,0.42276,0.43902,0.43902,0.45122,0.49187,0.43089,0.43902,0.43496,0.44715,0.45528,0.45935,0.46748,0.43496,0.41463,0.43496,0.42276,0.43089,0.4187,0.4065,0.45122,0.5,0.47967,0.43902,0.4878,0.5,0.43902,0.46748,0.42276,0.47154,0.41057,0.47561,0.45935,0.43496,0.45528,0.44309,0.47561,0.50407,0.43496,0.45122,0.43902,0.5,0.52846,0.46341,0.4878,0.49187,0.48374,0.43496,0.47561,0.45528,0.43089,0.46341,0.4878,0.39431,0.44309,0.43902,0.50407,0.4878,0.48374,0.49593,0.45528,0.46341,0.45528,0.49187,0.46341,0.45935,0.46341,0.47154,0.50813,0.45122,0.46341,0.44715,0.43902,0.49187,0.5122,0.53252,0.50813,0.48374,0.47561,0.43496,0.45122,0.45528,0.43902,0.4878,0.47967,0.50407,0.43089,0.44715,0.47154,0.43902,0.47967,0.44715,0.45528,0.44715,0.45122,0.45528,0.43902,0.43496,0.41463,0.42276,0.44715,0.48374,0.47154,0.45122,0.47154,0.47967,0.44309,0.44309,0.44715,0.4065,0.43089,0.41057,0.47154,0.4187,0.45122,0.44309,0.44309,0.52033,0.47561,0.44715,0.42276,0.41463,0.45122,0.44309,0.4187,0.39837,0.45122
0.45133,0.53097,0.55752,0.52212,0.48673,0.49115,0.4115,0.49558,0.4823,0.45133,0.4646,0.4469,0.54425,0.54867,0.59735,0.53097,0.5,0.5177,0.5354,0.5,0.45133,0.52212,0.49115,0.45575,0.54425,0.52212,0.5,0.46018,0.4646,0.46018,0.50442,0.57522,0.54867,0.53982,0.5354,0.52212,0.49115,0.46018,0.4823,0.53982,0.5354,0.52655,0.48673,0.47788,0.44248,0.4646,0.5,0.52212,0.49558,0.5354,0.5,0.5177,0.57522,0.53982,0.49558,0.5,0.53097,0.47788,0.49115,0.5354,0.54425,0.55752,0.56637,0.56195,0.56195,0.4469,0.46903,0.56637,0.5354,0.49558,0.57522,0.55752,0.5531,0.53982,0.60619,0.60177,0.60619,0.61504,0.57965,0.5354,0.51327,0.5885,0.50885,0.55752,0.53982,0.55752,0.5531,0.55752,0.5531,0.5531,0.57965,0.59292,0.54425,0.5354,0.51327,0.4646,0.53982,0.5177,0.51327,0.52655,0.5177,0.53982,0.5531,0.5354,0.54425,0.51327,0.5354,0.52655,0.53097,0.49558,0.50885,0.52655,0.50442,0.5354,0.48673,0.53982,0.56637,0.56195,0.50885,0.53097,0.51327,0.54425,0.54867,0.54425,0.53982,0.49115,0.48673,0.5,0.51327,0.52655,0.54867,0.5177,0.5,0.53097,0.57522,0.5708,0.5531,0.56195,0.49115,0.5531,0.50442,0.52212,0.5177,0.50442,0.52655,0.52212,0.50442,0.52655,0.56195,0.52655,0.48673,0.47788,0.46903,0.43363,0.46903,0.43805,0.48673,0.5,0.52655,0.47788,0.47345,0.47345,0.50442,0.50442,0.4823,0.49115,0.47345,0.4823,0.4823,0.43363,0.52212,0.52212,0.49558,0.49115,0.4823,0.54867,0.51327,0.53982,0.5177,0.51327,0.4823,0.51327,0.47788,0.44248,0.44248,0.45133,0.51327,0.49115,0.45575,0.52212,0.49558,0.52655,0.49558,0.53982,0.51327,0.52655,0.5,0.5,0.51327,0.45133,0.4646,0.48673,0.53982,0.56637,0.49115,0.48673,0.49558,0.55752,0.52212,0.52212,0.5177,0.5354,0.58407,0.61062,0.61947,0.5885,0.53982,0.57522,0.5354,0.5,0.5531,0.59735,0.61504,0.56637,0.54867,0.59292,0.63274,0.60619,0.63717,0.5885,0.64159,0.63274,0.60619,0.5885,0.59735,0.61947,0.62389,0.60177,0.59292,0.58407,0.57522,0.59292,0.60619,0.61062,0.60177,0.5708,0.56637,0.59735,0.60619,0.59735,0.60177,0.62832,0.61062,0.61062,0.57522,0.61062,0.61947,0.60619,0.61947,0.62832,0.58407,0.61062,0.59735,0.57522,0.5708,0.5354,0.5708,0.59735,0.58407,0.57965,0.61947,0.61504,0.63717,0.58407,0.57965,0.57965,0.62832,0.61504,0.61062,0.63717,0.57965,0.59735,0.64602,0.62832,0.62832,0.62389,0.59735,0.61504,0.56195,0.5531,0.52655,0.5531,0.55752,0.5531,0.56195,0.59292,0.56637,0.54867,0.54425,0.57965,0.63717,0.61062,0.61062,0.59292,0.61947,0.57522,0.61947,0.55752,0.58407,0.59292,0.5885,0.59292,0.5885,0.54425,0.59292,0.60177,0.5708,0.55752,0.57965,0.5531,0.53982,0.53982,0.51327,0.57965,0.57965,0.61062,0.60177,0.58407,0.59292,0.55752,0.57522,0.58407,0.58407,0.5885,0.5885,0.5885,0.55752,0.57522,0.56195,0.61062,0.63274,0.5708,0.61062,0.65487,0.62832,0.69027,0.62389,0.65044,0.67257,0.65929,0.65487,0.65044,0.65044,0.61062,0.62389,0.64159,0.61504,0.56637
0.52101,0.4916,0.55042,0.53782,0.44538,0.48319,0.38235,0.42857,0.42017,0.45798,0.43277,0.52941,0.56303,0.56723,0.52941,0.51261,0.51681,0.44958,0.4916,0.45798,0.5084,0.46218,0.48739,0.47899,0.52941,0.55882,0.55042,0.51261,0.54202,0.53782,0.52941,0.5,0.5042,0.57563,0.52941,0.53361,0.4958,0.52101,0.51681,0.48319,0.46639,0.45378,0.4958,0.48319,0.42017,0.47899,0.47899,0.5042,0.42017,0.4916,0.43697,0.44118,0.46639,0.42857,0.44958,0.43697,0.44118,0.35294,0.44538,0.45378,0.48319,0.4916,0.44118,0.43277,0.45798,0.43697,0.44538,0.41597,0.43697,0.4916,0.47899,0.4958,0.44958,0.45378,0.45378,0.42857,0.46639,0.4916,0.4958,0.52101,0.47059,0.4958,0.52101,0.47899,0.45798,0.51681,0.44958,0.45378,0.47479,0.52521,0.52101,0.4916,0.40336,0.44118,0.41176,0.42437,0.34874,0.40756,0.41597,0.42437,0.43277,0.45798,0.46639,0.46218,0.5,0.51681,0.53361,0.5084,0.53782,0.52101,0.54622,0.55042,0.4958,0.4916,0.47479,0.5042,0.48319,0.53782,0.54202,0.5,0.47479,0.48319,0.48739,0.48319,0.4958,0.52941,0.54202,0.5,0.47899,0.42857,0.42017,0.46218,0.5084,0.53782,0.54622,0.51681,0.5084,0.4958,0.47899,0.47479,0.47479,0.5,0.48739,0.47479,0.46639,0.4916,0.53361,0.51681,0.48739,0.46639,0.5,0.47059,0.5,0.5042,0.52941,0.5042,0.46218,0.45798,0.44538,0.4958,0.43697,0.42437,0.46639,0.45378,0.47059,0.45798,0.47899,0.47059,0.55462,0.51261,0.55462,0.5,0.52941,0.56303,0.5084,0.4916,0.54202,0.54622,0.5,0.5,0.40336,0.45378,0.47479,0.48319,0.5084,0.47479,0.44958,0.44538,0.48319,0.45378,0.48739,0.47479,0.5042,0.47059,0.46639,0.4916,0.53782,0.5042,0.51261,0.5042,0.48739,0.46218,0.46218,0.43277,0.42437,0.44958,0.46218,0.47899,0.42437,0.43277,0.44118,0.43277,0.45798,0.43697,0.44958,0.42857,0.42857,0.45378,0.41597,0.45798,0.45798,0.47059,0.48319,0.43697,0.47059,0.47479,0.42857,0.45378,0.5042,0.47059,0.47479,0.47479,0.4958,0.42017,0.38235,0.44958,0.37815,0.43277,0.44538,0.41597,0.44118,0.51681,0.47059,0.48319,0.47479,0.5,0.52521,0.54622,0.53782,0.51681,0.55042,0.53782,0.51681,0.47899,0.48739,0.5,0.51681,0.52521,0.52101,0.4958,0.53361,0.52941,0.53361,0.52101,0.55882,0.56303,0.55882,0.5042,0.5042,0.5,0.5,0.47059,0.5084,0.5084,0.51261,0.4958,0.5,0.5,0.5084,0.5084,0.4958,0.48319,0.4958,0.5,0.46218,0.42437,0.48739,0.51681,0.5042,0.52941,0.5,0.4958,0.52521,0.46218,0.45798,0.4958,0.4916,0.53782,0.53782,0.51261,0.54202,0.53782,0.52521,0.5084,0.5084,0.44958,0.51681,0.47059,0.47899,0.5,0.4916,0.46639,0.51681,0.53782,0.47479,0.44958,0.46639,0.47059,0.46218,0.46218,0.5084,0.48739,0.4916,0.5084,0.53361,0.5084,0.52941,0.52941,0.4916,0.52941,0.46218,0.4958,0.47059,0.51261,0.48739,0.52941,0.46218,0.4916,0.4916,0.52521,0.48319,0.5,0.54202,0.59244,0.54622,0.51261,0.53782,0.4958,0.51681,0.48319,0.47059,0.51681,0.5042,0.52101,0.53782,0.51261,0.52101,0.52941
0.4386,0.42982,0.46053,0.44737,0.45614,0.5,0.5307,0.48684,0.48684,0.4693,0.45614,0.47807,0.46053,0.44298,0.42105,0.49123,0.5307,0.51316,0.53509,0.49123,0.51754,0.5,0.47807,0.51754,0.4693,0.45614,0.51754,0.50439,0.47368,0.43421,0.40351,0.36404,0.34211,0.45175,0.48246,0.48246,0.45614,0.5,0.5307,0.52632,0.50439,0.51316,0.51754,0.54825,0.54386,0.50439,0.47368,0.46491,0.42982,0.45614,0.45614,0.45614,0.42982,0.48246,0.45175,0.47807,0.52193,0.52632,0.51316,0.46053,0.46053,0.46053,0.5,0.55263,0.57895,0.52193,0.48684,0.42544,0.47368,0.51754,0.50439,0.44298,0.47807,0.42544,0.40351,0.35965,0.47807,0.52193,0.48246,0.50439,0.49561,0.51754,0.49123,0.44737,0.50439,0.50439,0.49561,0.49561,0.48246,0.43421,0.4693,0.48246,0.38596,0.45614,0.42544,0.46491,0.52193,0.47807,0.41667,0.45175,0.41667,0.46491,0.45175,0.48684,0.5,0.50439,0.52632,0.52193,0.55263,0.51316,0.49123,0.46491,0.52193,0.52193,0.44737,0.46491,0.42982,0.40351,0.44298,0.46491,0.49123,0.52193,0.52193,0.48246,0.4693,0.37719,0.41667,0.39035,0.43421,0.42544,0.45614,0.4386,0.41228,0.42982,0.38158,0.4386,0.40789,0.39035,0.40351,0.41667,0.4386,0.42982,0.48246,0.46491,0.4386,0.48684,0.48246,0.51754,0.51754,0.51316,0.50877,0.53509,0.53509,0.46491,0.4693,0.48246,0.43421,0.46053,0.47807,0.46053,0.46053,0.42982,0.45175,0.42544,0.40351,0.38158,0.40789,0.38596,0.39035,0.42544,0.41228,0.44298,0.44298,0.39035,0.40351,0.44298,0.45175,0.41667,0.4386,0.41228,0.42105,0.44298,0.44737,0.51754,0.5307,0.48246,0.46053,0.46053,0.42982,0.42982,0.44737,0.40351,0.45614,0.46491,0.41667,0.44298,0.44298,0.43421,0.40351,0.39912,0.42105,0.41228,0.36404,0.42982,0.41228,0.40789,0.41667,0.46491,0.46491,0.46491,0.4386,0.46491,0.43421,0.42105,0.40351,0.36842,0.39912,0.43421,0.4693,0.45614,0.4386,0.4693,0.46053,0.41228,0.38596,0.47368,0.44737,0.39912,0.46053,0.38158,0.36842,0.4386,0.45175,0.48684,0.52632,0.49561,0.5,0.52193,0.50439,0.53509,0.5,0.55702,0.5614,0.53509,0.47368,0.47807,0.4693,0.49123,0.51316,0.46491,0.49123,0.48246,0.49123,0.47368,0.44298,0.45614,0.47807,0.4386,0.45175,0.52193,0.48246,0.48246,0.45614,0.43421,0.44737,0.48684,0.5,0.5307,0.49561,0.50439,0.52632,0.46053,0.50877,0.46491,0.4386,0.46491,0.44298,0.41667,0.37719,0.47368,0.47807,0.46053,0.51316,0.48684,0.47368,0.47368,0.46053,0.46053,0.49561,0.46491,0.49561,0.48684,0.48684,0.48684,0.48684,0.47807,0.47368,0.42982,0.5,0.49561,0.5,0.51316,0.44737,0.49123,0.47807,0.46053,0.4693,0.47807,0.44298,0.44298,0.47807,0.48684,0.48684,0.50439,0.45175,0.51754,0.46053,0.4693,0.49561,0.44298,0.5,0.51316,0.5,0.53947,0.57456,0.54825,0.53509,0.55263,0.46053,0.4693,0.44298,0.50439,0.54386,0.51316,0.49123,0.52193,0.54825,0.53509,0.5307,0.47368,0.4693,0.49561,0.45175,0.49123,0.50877,0.49123,0.51316,0.49561,0.52632,0.52193,0.49123,0.49561,0.47368,0.51754,0.4386,0.47368,0.47368,0.50439
0.48558,0.53846,0.52404,0.54327,0.52885,0.53365,0.51442,0.51923,0.48558,0.57212,0.51442,0.45673,0.51442,0.45192,0.42308,0.47115,0.46154,0.41827,0.42308,0.42788,0.46635,0.48077,0.49038,0.49519,0.51923,0.51442,0.54327,0.49519,0.58173,0.54327,0.52404,0.50481,0.48077,0.47596,0.4375,0.46154,0.39904,0.40385,0.41827,0.45673,0.47115,0.53365,0.54327,0.49519,0.44712,0.47115,0.5,0.52885,0.51923,0.51442,0.62981,0.59135,0.51923,0.5,0.53365,0.49519,0.45192,0.46154,0.45192,0.54808,0.50481,0.52885,0.5625,0.51923,0.51923,0.50481,0.48558,0.49038,0.48558,0.55769,0.59135,0.55288,0.53846,0.54327,0.46154,0.52404,0.48077,0.49038,0.47115,0.54327,0.53365,0.55288,0.58654,0.5625,0.55288,0.58173,0.53846,0.51442,0.53365,0.59615,0.5625,0.59615,0.55769,0.54808,0.56731,0.53846,0.56731,0.52404,0.50962,0.51923,0.50962,0.58654,0.58173,0.57212,0.52885,0.44231,0.5,0.47115,0.50481,0.56731,0.52885,0.49038,0.51442,0.57212,0.52885,0.54808,0.5,0.52885,0.50481,0.53365,0.53365,0.47596,0.52885,0.52404,0.49038,0.5,0.55288,0.5625,0.55288,0.55769,0.50962,0.50962,0.53365,0.51923,0.54808,0.54808,0.52404,0.51442,0.5,0.51923,0.5625,0.55769,0.52885,0.54808,0.53365,0.51442,0.51442,0.5,0.53846,0.55769,0.5625,0.51923,0.53846,0.54327,0.52404,0.52885,0.52404,0.53846,0.53846,0.53365,0.53365,0.59135,0.58654,0.60096,0.61058,0.61058,0.59135,0.61538,0.58173,0.60096,0.59135,0.60577,0.59615,0.625,0.61058,0.64423,0.65865,0.62981,0.60096,0.63942,0.59135,0.57212,0.54808,0.60096,0.5625,0.55769,0.62019,0.61538,0.5625,0.5625,0.57212,0.5625,0.57692,0.58173,0.51442,0.53365,0.52885,0.52885,0.53365,0.54327,0.56731,0.53365,0.55288,0.51923,0.54808,0.5625,0.54808,0.5,0.53846,0.57692,0.60096,0.56731,0.58654,0.59135,0.55288,0.58173,0.61058,0.56731,0.59135,0.55288,0.53365,0.59135,0.55769,0.56731,0.52404,0.58654,0.53365,0.57212,0.59135,0.59135,0.57212,0.60096,0.60577,0.61058,0.59615,0.58173,0.60577,0.59135,0.59615,0.54808,0.58654,0.52885,0.57692,0.52404,0.56731,0.5625,0.53365,0.54808,0.55769,0.58173,0.56731,0.58654,0.53365,0.53846,0.55769,0.53846,0.58173,0.57212,0.5625,0.61058,0.59615,0.58173,0.54808,0.59135,0.61538,0.5625,0.51923,0.53846,0.52404,0.58654,0.58173,0.60577,0.58654,0.57212,0.54808,0.62019,0.57212,0.54808,0.52885,0.54327,0.56731,0.5625,0.56731,0.53846,0.55769,0.52885,0.51442,0.54327,0.55288,0.55288,0.54327,0.59615,0.58654,0.57692,0.59135,0.61538,0.55288,0.57212,0.54808,0.55769,0.59135,0.51923,0.59615,0.56731,0.58654,0.59615,0.60577,0.60096,0.61538,0.60096,0.625,0.60096,0.625,0.58173,0.58173,0.5625,0.57692,0.56731,0.58654,0.64423,0.61058,0.61058,0.61058,0.61058,0.57692,0.54327,0.59615,0.57692,0.58654,0.58654,0.57692,0.57212,0.58654,0.5625,0.56731,0.60577,0.60096,0.60577,0.60096,0.61058,0.60096,0.58654,0.59615,0.59135,0.55288,0.54808,0.57692,0.58173,0.55769,0.59615,0.61538,0.58173,0.53365,0.52885,0.47115,0.55769,0.53846,0.53365
0.53659,0.52033,0.51626,0.52439,0.45935,0.53252,0.56911,0.61382,0.56504,0.54878,0.46341,0.48374,0.52846,0.48374,0.44715,0.47967,0.4878,0.46748,0.45528,0.49187,0.52439,0.44715,0.43496,0.47561,0.50813,0.50813,0.57724,0.54065,0.50407,0.55285,0.53659,0.4878,0.45528,0.45122,0.52846,0.51626,0.52439,0.53659,0.53659,0.54878,0.53252,0.48374,0.47154,0.4878,0.51626,0.53659,0.53659,0.50407,0.50407,0.45528,0.52033,0.49187,0.45122,0.46341,0.45122,0.47561,0.44309,0.42276,0.42683,0.43089,0.42276,0.49187,0.4878,0.51626,0.46748,0.50407,0.57317,0.5122,0.4878,0.50407,0.43496,0.43496,0.43496,0.44309,0.47967,0.43089,0.48374,0.47561,0.5,0.54472,0.52846,0.56098,0.56098,0.57317,0.54065,0.57317,0.52033,0.54065,0.56911,0.55691,0.54472,0.57317,0.49187,0.54878,0.52846,0.47154,0.49593,0.50407,0.50407,0.54065,0.54472,0.55691,0.55691,0.52033,0.53659,0.55285,0.54878,0.54878,0.53659,0.51626,0.53659,0.55285,0.54878,0.54472,0.57317,0.56911,0.55285,0.55691,0.53252,0.52846,0.55691,0.56911,0.52033,0.53252,0.56911,0.52439,0.54878,0.55285,0.54065,0.49187,0.50407,0.49187,0.53252,0.53252,0.52033,0.54878,0.54878,0.52846,0.51626,0.54472,0.55285,0.54065,0.52033,0.49187,0.53659,0.53252,0.55285,0.49593,0.5,0.50407,0.5,0.53252,0.49593,0.50813,0.5,0.48374,0.53252,0.52033,0.51626,0.55285,0.52439,0.52846,0.52439,0.55285,0.51626,0.54065,0.4878,0.4878,0.5122,0.52439,0.52439,0.5122,0.52033,0.48374,0.54472,0.56098,0.5122,0.52439,0.5,0.53252,0.52846,0.47967,0.52033,0.52439,0.47154,0.44715,0.47154,0.47967,0.49187,0.46748,0.46341,0.45122,0.47154,0.5,0.46748,0.53252,0.54065,0.55691,0.52846,0.57317,0.58943,0.52846,0.52846,0.56504,0.58537,0.54472,0.57724,0.59756,0.58943,0.58537,0.61382,0.58537,0.57724,0.54472,0.59756,0.56911,0.54065,0.55691,0.52439,0.53252,0.54472,0.5122,0.51626,0.5,0.49593,0.54472,0.55691,0.52846,0.52439,0.51626,0.5122,0.50813,0.50407,0.5,0.53252,0.58943,0.56098,0.54878,0.57724,0.5,0.53252,0.52846,0.5,0.52439,0.5,0.52439,0.49187,0.49187,0.52846,0.56911,0.5122,0.55691,0.52439,0.54472,0.49187,0.53659,0.54878,0.56098,0.52846,0.53252,0.5122,0.52846,0.52846,0.52033,0.49593,0.51626,0.54472,0.50813,0.50407,0.52846,0.52846,0.53252,0.54065,0.56911,0.55285,0.50813,0.5,0.4878,0.50813,0.52439,0.55691,0.50813,0.55691,0.52439,0.55691,0.54065,0.54878,0.55691,0.56504,0.57317,0.52846,0.51626,0.54472,0.47561,0.48374,0.53252,0.52439,0.5813,0.56504,0.55285,0.50813,0.54878,0.52846,0.48374,0.47154,0.45935,0.49593,0.5122,0.47967,0.50407,0.47561,0.48374,0.47154,0.44715,0.45528,0.43496,0.5122,0.49593,0.49593,0.50407,0.5813,0.52846,0.51626,0.54878,0.53252,0.4878,0.55691,0.54878,0.50407,0.54878,0.5,0.5,0.53659,0.45935,0.4878,0.5,0.47561,0.47561,0.5122,0.45935,0.52439,0.50407,0.52846,0.52033,0.49187,0.5122,0.52846,0.52033,0.4878,0.5122,0.51626,0.54472,0.5122,0.5,0.51626,0.49187,0.49593,0.51626
0.50952,0.52857,0.50952,0.5381,0.54762,0.61429,0.55238,0.56667,0.53333,0.48571,0.51429,0.53333,0.48571,0.50952,0.4,0.49048,0.48095,0.49524,0.43333,0.44286,0.46667,0.51905,0.5,0.45714,0.57143,0.53333,0.52381,0.58571,0.61905,0.58095,0.5381,0.58095,0.55238,0.55714,0.49524,0.5,0.4,0.44286,0.45238,0.49524,0.45714,0.4619,0.4619,0.44762,0.45238,0.44762,0.49524,0.48095,0.41905,0.51429,0.50476,0.4619,0.4619,0.51429,0.49048,0.52381,0.51905,0.52381,0.52381,0.50476,0.48571,0.49048,0.51429,0.54762,0.48571,0.4619,0.41905,0.50476,0.49524,0.50476,0.48095,0.49048,0.4619,0.4381,0.46667,0.42857,0.4381,0.48571,0.5619,0.5,0.50952,0.49048,0.50476,0.49524,0.47143,0.47143,0.48571,0.52857,0.47619,0.50476,0.53333,0.50476,0.48571,0.52381,0.56667,0.58095,0.48571,0.52381,0.57143,0.54762,0.49524,0.49048,0.45238,0.44286,0.4,0.43333,0.42857,0.48571,0.51429,0.5,0.50476,0.50952,0.5381,0.51905,0.52857,0.52381,0.5,0.4619,0.4381,0.50476,0.49048,0.51905,0.55238,0.49524,0.51429,0.52381,0.50476,0.49524,0.5,0.48571,0.48095,0.4619,0.42381,0.49524,0.50952,0.52857,0.52857,0.51429,0.52857,0.5,0.50952,0.50476,0.54286,0.50476,0.54762,0.53333,0.44762,0.4619,0.50476,0.48571,0.47143,0.49524,0.47143,0.51429,0.50952,0.50476,0.50476,0.50952,0.47143,0.47619,0.47619,0.48095,0.52381,0.56667,0.60952,0.59524,0.52381,0.52857,0.51429,0.50952,0.53333,0.52857,0.52857,0.5619,0.5381,0.52381,0.5381,0.50476,0.53333,0.53333,0.50952,0.54286,0.58571,0.55714,0.54762,0.61429,0.59048,0.60952,0.57143,0.55714,0.5619,0.57143,0.5619,0.54286,0.6,0.58571,0.51905,0.52857,0.56667,0.58095,0.59524,0.56667,0.58095,0.54286,0.48095,0.57143,0.56667,0.50476,0.46667,0.49048,0.48095,0.54286,0.51429,0.48095,0.50476,0.48571,0.52857,0.5619,0.54762,0.5381,0.5381,0.57143,0.60952,0.59048,0.57619,0.54762,0.51429,0.45238,0.48095,0.48095,0.49048,0.49524,0.48571,0.50476,0.49524,0.41905,0.49048,0.50476,0.49048,0.46667,0.48095,0.48095,0.42857,0.44762,0.45714,0.50476,0.48095,0.51905,0.52857,0.5,0.50952,0.51429,0.50952,0.54286,0.44762,0.44762,0.48571,0.5,0.48571,0.48571,0.4619,0.46667,0.49524,0.51905,0.47619,0.49524,0.48095,0.48095,0.54286,0.52381,0.54286,0.42857,0.49524,0.48571,0.50476,0.50952,0.50952,0.48571,0.5,0.49524,0.49048,0.49048,0.48571,0.5,0.50952,0.49524,0.49524,0.49048,0.54286,0.51905,0.57143,0.52857,0.55238,0.5381,0.55238,0.52381,0.51905,0.55238,0.52381,0.54286,0.52381,0.55714,0.5381,0.55714,0.5619,0.52857,0.52381,0.54286,0.57143,0.58571,0.5619,0.55238,0.5381,0.52857,0.51429,0.51429,0.51905,0.49524,0.50952,0.53333,0.5381,0.54762,0.50952,0.52857,0.52857,0.52381,0.57619,0.54286,0.56667,0.57143,0.54762,0.55714,0.52857,0.55238,0.53333,0.57143,0.58095,0.53333,0.53333,0.53333,0.55714,0.54286,0.49048,0.59048,0.58571,0.58571,0.60476,0.60952,0.58095,0.55238,0.54762,0.54762,0.54286,0.55714,0.60952,0.59524,0.60952,0.59524
0.45339,0.47458,0.54661,0.47034,0.51695,0.51271,0.58051,0.53814,0.49576,0.50847,0.54661,0.49153,0.51271,0.47458,0.52119,0.44068,0.45339,0.5,0.52542,0.52542,0.55085,0.46186,0.45339,0.52119,0.52966,0.5,0.48305,0.49153,0.47881,0.5,0.50424,0.44492,0.46186,0.47458,0.49153,0.47034,0.50847,0.46186,0.55932,0.5339,0.5,0.47881,0.5,0.49153,0.52966,0.5678,0.50847,0.50424,0.47881,0.5339,0.49153,0.49153,0.55085,0.52119,0.50847,0.54661,0.54661,0.58475,0.5339,0.56356,0.55508,0.49576,0.51271,0.52966,0.5339,0.50847,0.55508,0.57203,0.5,0.5339,0.61441,0.61864,0.57627,0.5339,0.52542,0.5339,0.50847,0.55932,0.48729,0.40678,0.47881,0.44915,0.49576,0.42797,0.42373,0.44068,0.42373,0.41949,0.46186,0.44915,0.4661,0.47458,0.5,0.5,0.52966,0.5,0.47034,0.49576,0.52542,0.50847,0.52119,0.5339,0.53814,0.53814,0.56356,0.54661,0.51695,0.47881,0.50424,0.52966,0.53814,0.55508,0.55932,0.52119,0.50424,0.50847,0.43644,0.4322,0.47458,0.50847,0.47881,0.53814,0.5339,0.57627,0.52119,0.51695,0.51695,0.52119,0.4322,0.50847,0.5,0.47881,0.49153,0.50847,0.51271,0.5678,0.55932,0.50847,0.51271,0.51695,0.52119,0.5678,0.47881,0.47458,0.47034,0.44492,0.49153,0.47458,0.47458,0.44068,0.49576,0.56356,0.52966,0.55508,0.52542,0.50424,0.48729,0.48729,0.50847,0.44492,0.48305,0.50424,0.52966,0.52542,0.49153,0.46186,0.47034,0.52542,0.56356,0.52966,0.52542,0.50847,0.48305,0.51695,0.52119,0.47458,0.48305,0.58475,0.50424,0.49153,0.4322,0.47034,0.50424,0.5,0.51695,0.51271,0.50424,0.52119,0.51271,0.50847,0.56356,0.47034,0.47034,0.55508,0.50424,0.56356,0.5,0.48305,0.52542,0.51271,0.55508,0.55932,0.49153,0.47881,0.56356,0.51695,0.5,0.54237,0.46186,0.41525,0.47034,0.52119,0.56356,0.5339,0.5339,0.55085,0.51271,0.55085,0.52966,0.5339,0.5339,0.52119,0.49576,0.49153,0.52119,0.5,0.51271,0.48729,0.41949,0.40678,0.45763,0.44915,0.47881,0.47881,0.49576,0.49576,0.5,0.49153,0.4661,0.42797,0.47881,0.45763,0.4322,0.44915,0.43644,0.45763,0.47034,0.51271,0.57203,0.47458,0.5339,0.50424,0.51271,0.54661,0.52119,0.52542,0.49153,0.47458,0.44915,0.48729,0.54661,0.5339,0.50847,0.42373,0.49153,0.44915,0.44915,0.52966,0.4661,0.46186,0.5,0.48305,0.55932,0.54237,0.5339,0.50847,0.48729,0.52542,0.4661,0.48305,0.50424,0.49576,0.5,0.49576,0.44915,0.48729,0.58898,0.51271,0.54661,0.52966,0.52966,0.52966,0.54661,0.51271,0.49576,0.47881,0.49153,0.49153,0.5,0.50424,0.49153,0.43644,0.5,0.55085,0.55932,0.47458,0.45339,0.47034,0.52542,0.47458,0.53814,0.45763,0.49153,0.49153,0.48729,0.49576,0.45339,0.49153,0.50847,0.51271,0.42373,0.46186,0.48305,0.44915,0.49153,0.5,0.5,0.51271,0.57203,0.54237,0.54661,0.52966,0.5339,0.5,0.55085,0.55085,0.54661,0.5339,0.53814,0.51271,0.52119,0.55508,0.51271,0.54237,0.52542,0.51695,0.55085,0.52119,0.54661,0.57627,0.58051,0.51695,0.47458,0.55508,0.5678,0.51271,0.52542,0.48729
0.44215,0.53719,0.53306,0.4876,0.48347,0.47934,0.52893,0.45868,0.46281,0.40083,0.38843,0.41736,0.49587,0.49587,0.54132,0.50413,0.54959,0.54545,0.51653,0.40083,0.47934,0.55372,0.57025,0.60744,0.56198,0.61157,0.52066,0.52893,0.49587,0.49587,0.5124,0.46281,0.47521,0.50413,0.49587,0.52066,0.53719,0.42975,0.49174,0.43802,0.43802,0.45041,0.45041,0.45868,0.45455,0.46694,0.44215,0.46694,0.40083,0.44628,0.49174,0.47521,0.5,0.49587,0.41322,0.44628,0.50413,0.52893,0.51653,0.49587,0.50413,0.47934,0.46281,0.47107,0.4876,0.54545,0.5124,0.49174,0.46694,0.51653,0.52066,0.52479,0.5124,0.50826,0.49174,0.46694,0.51653,0.57025,0.54545,0.58264,0.59504,0.54132,0.53719,0.5,0.50413,0.47521,0.47521,0.50826,0.52893,0.42149,0.41736,0.48347,0.49587,0.5124,0.5124,0.47934,0.45868,0.50413,0.55785,0.54132,0.55372,0.56612,0.49174,0.49587,0.47934,0.54545,0.5124,0.52479,0.54545,0.47934,0.46281,0.46281,0.54959,0.51653,0.50413,0.53719,0.54132,0.5124,0.52893,0.47107,0.47521,0.4876,0.50413,0.54132,0.54959,0.52479,0.52066,0.44628,0.52479,0.44628,0.45868,0.47107,0.54545,0.49174,0.52479,0.46694,0.46281,0.45041,0.45455,0.46694,0.53719,0.52479,0.49174,0.47934,0.46281,0.47934,0.50413,0.49587,0.52066,0.55785,0.52066,0.52893,0.58264,0.54545,0.57025,0.5124,0.51653,0.52479,0.50413,0.5124,0.5,0.48347,0.52066,0.52479,0.52479,0.41736,0.43388,0.48347,0.44215,0.47934,0.5,0.50826,0.54132,0.53306,0.51653,0.51653,0.52893,0.57851,0.57025,0.54959,0.54545,0.55785,0.47934,0.5,0.47107,0.35537,0.49587,0.45868,0.51653,0.4876,0.4876,0.50826,0.53306,0.51653,0.48347,0.53306,0.52479,0.54545,0.54132,0.52479,0.55785,0.49587,0.50413,0.51653,0.50826,0.53306,0.52066,0.5124,0.49174,0.44628,0.44628,0.42975,0.4876,0.46694,0.5,0.49587,0.54545,0.55785,0.54959,0.56198,0.54545,0.53719,0.51653,0.5,0.5,0.52893,0.54545,0.53306,0.50413,0.52479,0.48347,0.45868,0.45455,0.4876,0.46694,0.54959,0.5,0.47521,0.47521,0.5,0.54959,0.54132,0.49174,0.46281,0.47934,0.52066,0.48347,0.50826,0.53306,0.52893,0.47934,0.50826,0.45455,0.47521,0.49587,0.45868,0.49587,0.50826,0.47107,0.5,0.5,0.45041,0.49174,0.47934,0.47107,0.45455,0.47934,0.5124,0.4876,0.51653,0.48347,0.49587,0.52479,0.5,0.49587,0.5,0.46694,0.46694,0.42975,0.45455,0.45868,0.49174,0.51653,0.5,0.45455,0.47521,0.5124,0.5,0.4876,0.49587,0.46281,0.43388,0.41736,0.5124,0.47521,0.45041,0.45041,0.46281,0.47107,0.46281,0.47934,0.52893,0.51653,0.52479,0.55372,0.53719,0.53719,0.50826,0.52479,0.49587,0.47934,0.42562,0.49587,0.50413,0.55372,0.50826,0.52893,0.49587,0.5124,0.5,0.48347,0.47521,0.44628,0.46694,0.47107,0.42149,0.41322,0.49174,0.50826,0.50826,0.46281,0.47934,0.5124,0.51653,0.5124,0.4876,0.49174,0.48347,0.4876,0.47521,0.50413,0.50826,0.52066,0.53719,0.49174,0.47934,0.47934,0.5124,0.50826,0.43388,0.46694,0.47107,0.47107,0.47521,0.41736,0.45868,0.47934,0.50826
0.45133,0.45133,0.49558,0.49558,0.49558,0.47788,0.46018,0.36726,0.40265,0.4292,0.43363,0.43805,0.49558,0.5708,0.61947,0.61062,0.61062,0.56637,0.47345,0.40708,0.38496,0.43363,0.49558,0.45575,0.50885,0.5531,0.54425,0.54425,0.5,0.48673,0.46903,0.52655,0.53982,0.58407,0.49558,0.55752,0.46903,0.49558,0.5,0.50442,0.5531,0.49115,0.4646,0.45575,0.40708,0.42035,0.44248,0.46018,0.4292,0.48673,0.54425,0.54425,0.53097,0.53982,0.49558,0.46018,0.51327,0.46018,0.45575,0.47345,0.4292,0.4823,0.49558,0.45575,0.49115,0.46903,0.46018,0.48673,0.50885,0.48673,0.51327,0.44248,0.50885,0.5177,0.58407,0.53982,0.50885,0.43363,0.41593,0.42478,0.52212,0.4292,0.43805,0.38496,0.4115,0.4115,0.43805,0.46903,0.46903,0.49115,0.48673,0.46903,0.46018,0.5177,0.5708,0.54867,0.54867,0.54425,0.50442,0.53097,0.52655,0.53097,0.51327,0.49558,0.50442,0.53982,0.47788,0.50442,0.49115,0.52655,0.51327,0.50885,0.46018,0.45575,0.42478,0.42035,0.46018,0.42478,0.50442,0.4646,0.4823,0.49558,0.5354,0.50885,0.51327,0.52655,0.47788,0.4292,0.4115,0.47345,0.48673,0.4646,0.43363,0.4823,0.49115,0.50442,0.52212,0.49115,0.49115,0.52212,0.52655,0.50885,0.4646,0.40708,0.4292,0.46903,0.49558,0.5177,0.47788,0.51327,0.4646,0.49558,0.53097,0.54425,0.53982,0.5177,0.47345,0.51327,0.53097,0.51327,0.5177,0.52212,0.53982,0.51327,0.42478,0.43363,0.5,0.46903,0.4646,0.5,0.54867,0.57522,0.55752,0.5354,0.50885,0.53982,0.43363,0.44248,0.5,0.54867,0.56195,0.52655,0.46903,0.53982,0.52212,0.48673,0.5,0.48673,0.50442,0.45133,0.49115,0.49115,0.53097,0.52655,0.5531,0.49115,0.46018,0.49558,0.52212,0.46018,0.51327,0.52655,0.5,0.49115,0.47345,0.5,0.52212,0.49558,0.45575,0.49558,0.5,0.5,0.48673,0.47788,0.50442,0.49558,0.4469,0.49115,0.53982,0.50442,0.51327,0.46018,0.46018,0.50885,0.47788,0.4823,0.45133,0.4646,0.46018,0.47788,0.45575,0.47345,0.5,0.44248,0.48673,0.43363,0.53982,0.51327,0.47345,0.4646,0.48673,0.45575,0.4823,0.46018,0.47345,0.47788,0.47345,0.4823,0.42478,0.50442,0.47345,0.53982,0.49558,0.47345,0.45133,0.51327,0.47788,0.5354,0.4646,0.4823,0.50885,0.50442,0.5531,0.49115,0.5531,0.52655,0.50885,0.4823,0.47788,0.45575,0.48673,0.42478,0.45575,0.48673,0.46018,0.48673,0.46903,0.46018,0.43363,0.45575,0.4292,0.5,0.46903,0.47788,0.49115,0.48673,0.47345,0.48673,0.47345,0.49558,0.45133,0.44248,0.4646,0.44248,0.47788,0.52212,0.49558,0.46903,0.49115,0.5354,0.51327,0.5,0.52655,0.49558,0.48673,0.47345,0.5177,0.51327,0.5177,0.54425,0.53982,0.52655,0.49115,0.4823,0.50885,0.50442,0.5177,0.5354,0.52212,0.49558,0.46903,0.46018,0.4646,0.4292,0.43363,0.4469,0.4115,0.50442,0.49115,0.53097,0.52212,0.5177,0.50885,0.5177,0.53097,0.53097,0.56637,0.55752,0.5531,0.5531,0.56637,0.5177,0.5531,0.5531,0.47788,0.48673,0.4646,0.45133,0.5,0.47788,0.50885,0.4646,0.53982,0.47788,0.46018,0.45133,0.49115,0.49115
0.49048,0.5381,0.5381,0.55238,0.54286,0.44762,0.51905,0.46667,0.49048,0.46667,0.49048,0.47143,0.47143,0.50476,0.54762,0.51905,0.51429,0.49048,0.48095,0.50952,0.50952,0.52857,0.50476,0.48095,0.54762,0.5619,0.50476,0.49048,0.51905,0.5,0.57143,0.51905,0.57619,0.58571,0.51905,0.48095,0.52857,0.54762,0.47619,0.53333,0.47619,0.51905,0.49048,0.47619,0.5,0.5,0.50952,0.53333,0.51429,0.48095,0.4381,0.52381,0.50952,0.54762,0.46667,0.52857,0.49048,0.52857,0.49048,0.5381,0.51905,0.47143,0.48571,0.54286,0.54762,0.5,0.4381,0.42857,0.44762,0.4619,0.4619,0.47619,0.47619,0.46667,0.48571,0.49048,0.51905,0.51429,0.5,0.5381,0.51429,0.54762,0.5619,0.54762,0.5381,0.54286,0.53333,0.54286,0.53333,0.52857,0.51429,0.50476,0.49048,0.51905,0.49524,0.50952,0.52381,0.53333,0.55238,0.58095,0.56667,0.60476,0.58571,0.6,0.59524,0.56667,0.6,0.59048,0.57143,0.54286,0.55714,0.56667,0.6,0.52857,0.5381,0.50952,0.51905,0.50952,0.51905,0.5381,0.56667,0.5,0.53333,0.55238,0.50476,0.5381,0.52857,0.51429,0.52857,0.54286,0.55714,0.5619,0.5381,0.53333,0.52857,0.55238,0.52381,0.54286,0.54762,0.5381,0.5381,0.5619,0.55238,0.5381,0.54762,0.54286,0.55714,0.52857,0.48571,0.51905,0.5381,0.50952,0.52381,0.52381,0.48095,0.50952,0.51905,0.49524,0.47619,0.48095,0.52381,0.55238,0.50952,0.52381,0.48571,0.48571,0.5,0.50476,0.54286,0.54286,0.54286,0.54762,0.51905,0.52381,0.57619,0.5381,0.59524,0.5619,0.58095,0.59524,0.58571,0.55714,0.5381,0.45238,0.49524,0.48571,0.49048,0.49524,0.51905,0.51905,0.54286,0.58095,0.52857,0.52857,0.5,0.49524,0.50476,0.5,0.52857,0.53333,0.51429,0.55238,0.57143,0.58571,0.54762,0.54762,0.54762,0.52857,0.5381,0.51429,0.48571,0.57143,0.5381,0.57143,0.57619,0.5619,0.5619,0.54286,0.5619,0.55714,0.51905,0.53333,0.53333,0.51905,0.6,0.55238,0.58095,0.56667,0.56667,0.5619,0.56667,0.5381,0.53333,0.50952,0.56667,0.52381,0.58095,0.54762,0.5619,0.5619,0.50952,0.50952,0.51905,0.5,0.5381,0.53333,0.52857,0.54762,0.53333,0.57619,0.55714,0.57143,0.52857,0.51905,0.55238,0.54762,0.52381,0.54286,0.52857,0.51905,0.5381,0.52857,0.5,0.55238,0.51905,0.51905,0.52381,0.51905,0.47619,0.47619,0.51429,0.48571,0.47619,0.48095,0.52857,0.51429,0.51905,0.51905,0.52381,0.57143,0.57143,0.5619,0.5619,0.54286,0.5619,0.5619,0.52381,0.51905,0.51429,0.50476,0.54286,0.49524,0.48571,0.52857,0.5619,0.48095,0.50952,0.45714,0.42857,0.5,0.48095,0.5381,0.51905,0.55714,0.54286,0.52381,0.51905,0.52381,0.46667,0.53333,0.51429,0.50476,0.49048,0.50476,0.52857,0.56667,0.51429,0.52857,0.48095,0.51429,0.51429,0.53333,0.57619,0.5381,0.54762,0.5381,0.5,0.5,0.54286,0.5,0.47619,0.46667,0.49048,0.50952,0.52857,0.53333,0.50952,0.5,0.49048,0.5619,0.55714,0.60476,0.53333,0.50476,0.52857,0.52857,0.5619,0.5619,0.5619,0.49524,0.53333,0.49048,0.57619,0.50952,0.48095,0.47619,0.49048,0.50952
0.4876,0.48347,0.46281,0.41322,0.40083,0.48347,0.48347,0.54132,0.49174,0.41736,0.45455,0.5124,0.59917,0.59917,0.47934,0.5124,0.5124,0.52479,0.46281,0.42975,0.45041,0.43802,0.46281,0.47107,0.52893,0.4876,0.54132,0.44215,0.45041,0.46694,0.54132,0.52479,0.49174,0.5,0.54545,0.4876,0.52893,0.52479,0.57851,0.56612,0.49174,0.43388,0.45455,0.45041,0.47934,0.48347,0.43388,0.42975,0.47107,0.42562,0.44628,0.5,0.43802,0.45455,0.52066,0.52893,0.54545,0.50826,0.53306,0.52479,0.5124,0.53306,0.47521,0.51653,0.53306,0.49587,0.48347,0.47521,0.53719,0.50826,0.46281,0.52479,0.53719,0.57851,0.57438,0.55785,0.56612,0.57851,0.65702,0.59504,0.61983,0.59504,0.57851,0.55372,0.60744,0.60331,0.61157,0.50826,0.50413,0.52066,0.56612,0.61983,0.56198,0.53306,0.50413,0.56612,0.50826,0.5,0.56198,0.56612,0.53306,0.54545,0.52066,0.50826,0.50826,0.54132,0.60331,0.54545,0.55372,0.54545,0.53719,0.52479,0.53719,0.52479,0.5124,0.59091,0.61157,0.53719,0.53306,0.58678,0.55372,0.59091,0.54132,0.57025,0.57438,0.56612,0.51653,0.49587,0.51653,0.5124,0.55785,0.55785,0.56198,0.59504,0.52893,0.52893,0.54132,0.46281,0.43388,0.45455,0.4876,0.47107,0.54545,0.53719,0.6281,0.57438,0.57025,0.52479,0.55372,0.52066,0.45041,0.51653,0.52479,0.55372,0.58678,0.56198,0.52893,0.54545,0.50413,0.5,0.48347,0.46281,0.50413,0.52893,0.52066,0.50826,0.55372,0.57438,0.60331,0.57438,0.62397,0.57851,0.59091,0.54959,0.54959,0.53719,0.50413,0.53306,0.52479,0.57438,0.59091,0.56198,0.56612,0.57438,0.60744,0.61983,0.54132,0.52893,0.45868,0.4876,0.4876,0.53719,0.51653,0.56612,0.58678,0.55372,0.58264,0.56198,0.54545,0.54545,0.52479,0.5,0.53306,0.50413,0.52479,0.54132,0.50826,0.50826,0.56612,0.51653,0.49587,0.5124,0.53719,0.52893,0.52893,0.57025,0.55372,0.57025,0.56198,0.55785,0.57851,0.58264,0.57438,0.56612,0.58678,0.56612,0.52893,0.52066,0.47934,0.50826,0.49174,0.52479,0.50826,0.54132,0.56198,0.5,0.52893,0.52066,0.54545,0.5124,0.49174,0.50826,0.52066,0.51653,0.5124,0.5,0.5,0.50413,0.54959,0.54132,0.53719,0.52066,0.50826,0.4876,0.54959,0.50413,0.54959,0.54545,0.57025,0.55785,0.5,0.53306,0.49587,0.53719,0.51653,0.56198,0.52479,0.55785,0.5124,0.54545,0.53719,0.54545,0.5,0.51653,0.50413,0.5,0.52066,0.53306,0.53306,0.52893,0.54545,0.57025,0.55372,0.54959,0.53306,0.56612,0.52479,0.53719,0.54132,0.51653,0.54959,0.52479,0.54132,0.52893,0.53719,0.52893,0.50826,0.51653,0.53306,0.46694,0.49587,0.53719,0.54132,0.52893,0.52893,0.53719,0.53719,0.54545,0.52066,0.54132,0.52893,0.5,0.54545,0.54959,0.54545,0.54545,0.57025,0.55372,0.53719,0.52066,0.52066,0.53306,0.52066,0.52479,0.52893,0.51653,0.56198,0.50826,0.54545,0.55372,0.54545,0.54545,0.53306,0.5124,0.50413,0.51653,0.52893,0.53719,0.55785,0.47107,0.52066,0.49174,0.54545,0.51653,0.5,0.52066,0.49587,0.52479,0.5,0.49587,0.5124,0.52479,0.50413,0.52066,0.54545,0.50826,0.54132,0.54959
0.51739,0.44348,0.52609,0.47826,0.4913,0.48261,0.50435,0.47826,0.50435,0.47391,0.51739,0.48696,0.43913,0.46087,0.47391,0.46522,0.48696,0.51739,0.53478,0.55217,0.54783,0.55652,0.51304,0.50435,0.53478,0.53913,0.6,0.47826,0.41739,0.4913,0.52174,0.51739,0.42609,0.49565,0.5087,0.53478,0.56957,0.47391,0.47826,0.51304,0.46087,0.47826,0.48696,0.53478,0.5087,0.46087,0.46957,0.43913,0.48261,0.46522,0.40435,0.47391,0.44783,0.5087,0.46522,0.5,0.41739,0.42609,0.47391,0.43913,0.48696,0.48261,0.46087,0.41739,0.5,0.53043,0.5,0.52174,0.53913,0.55652,0.51739,0.58696,0.4913,0.51739,0.51304,0.49565,0.47826,0.47391,0.43043,0.46957,0.51304,0.46957,0.5087,0.51304,0.52609,0.5087,0.52174,0.53913,0.54783,0.53478,0.49565,0.5,0.48261,0.46522,0.45217,0.46957,0.44348,0.43043,0.44348,0.43478,0.46957,0.46522,0.47391,0.49565,0.51304,0.45652,0.46522,0.44348,0.44783,0.52174,0.52174,0.47826,0.45217,0.44348,0.48261,0.47391,0.5,0.47826,0.52174,0.43913,0.44348,0.4087,0.41739,0.39565,0.45652,0.4913,0.48696,0.4913,0.46957,0.46522,0.43913,0.5087,0.50435,0.48696,0.46957,0.46522,0.48696,0.46522,0.44348,0.50435,0.42609,0.45217,0.49565,0.46957,0.47826,0.53478,0.53913,0.47826,0.47826,0.46957,0.50435,0.53043,0.5,0.4913,0.53043,0.4913,0.48261,0.4913,0.46957,0.48261,0.5,0.49565,0.46087,0.44783,0.47391,0.46087,0.49565,0.47391,0.5087,0.46087,0.41739,0.43478,0.45652,0.45217,0.47391,0.43043,0.48696,0.48696,0.4913,0.45652,0.43913,0.46522,0.49565,0.4913,0.47826,0.47826,0.46522,0.45652,0.46957,0.44783,0.44783,0.44348,0.5,0.47826,0.48261,0.42609,0.42174,0.44783,0.47826,0.49565,0.52609,0.53043,0.46522,0.50435,0.46957,0.46522,0.46957,0.46522,0.48261,0.4913,0.50435,0.40435,0.45652,0.5087,0.43478,0.43043,0.42174,0.42174,0.5,0.45652,0.48696,0.5087,0.4913,0.46087,0.47391,0.5087,0.52174,0.5087,0.48696,0.45652,0.47826,0.5087,0.5,0.47826,0.52174,0.46087,0.45217,0.4913,0.47826,0.50435,0.4913,0.46087,0.45652,0.45652,0.46087,0.46087,0.36522,0.4087,0.42174,0.46087,0.47391,0.46522,0.47826,0.47391,0.46957,0.44783,0.44348,0.49565,0.42174,0.43913,0.43043,0.40435,0.46522,0.4913,0.46957,0.47826,0.45217,0.44783,0.53043,0.47391,0.5087,0.5,0.4913,0.5,0.51304,0.52609,0.45652,0.4913,0.4913,0.5087,0.5087,0.5087,0.4913,0.42609,0.48261,0.43043,0.43913,0.43043,0.47826,0.44783,0.43913,0.43478,0.42609,0.44348,0.42609,0.41304,0.43043,0.4,0.46087,0.47391,0.44783,0.49565,0.5,0.5087,0.44348,0.43478,0.45652,0.45217,0.47826,0.56522,0.49565,0.46522,0.46957,0.4913,0.52174,0.47826,0.5087,0.5,0.48261,0.50435,0.45652,0.43478,0.46522,0.48261,0.48696,0.49565,0.45217,0.43913,0.47826,0.5,0.42609,0.43478,0.47391,0.46957,0.46522,0.5087,0.48261,0.54783,0.51304,0.4913,0.49565,0.45652,0.5,0.46087,0.52174,0.47391,0.48696,0.45217,0.54348,0.51304,0.46522,0.47391,0.44783,0.5,0.47826,0.49565,0.51739,0.49565
0.48016,0.53968,0.50794,0.54762,0.52381,0.56746,0.50794,0.48016,0.43254,0.39286,0.4246,0.44048,0.43254,0.46032,0.49603,0.45635,0.46825,0.46429,0.49603,0.38889,0.39286,0.43254,0.48016,0.51984,0.50397,0.44841,0.47619,0.45635,0.47222,0.44841,0.49206,0.48016,0.46825,0.38889,0.45635,0.38889,0.42857,0.49206,0.45238,0.45238,0.46429,0.43651,0.44048,0.46429,0.52778,0.46032,0.45635,0.48016,0.5,0.54365,0.46032,0.49603,0.51984,0.52778,0.54365,0.52381,0.4881,0.47619,0.48016,0.49206,0.51984,0.49206,0.4881,0.45635,0.44444,0.39286,0.39683,0.47619,0.51984,0.5119,0.47222,0.51587,0.50794,0.51984,0.51587,0.52381,0.49206,0.49206,0.50397,0.51587,0.52381,0.51587,0.47222,0.50794,0.45635,0.46429,0.5,0.46429,0.51587,0.53968,0.49206,0.48413,0.42063,0.44841,0.41667,0.51984,0.53175,0.46429,0.45635,0.48016,0.47619,0.5119,0.46429,0.45635,0.49603,0.51984,0.55556,0.52778,0.50397,0.48413,0.49206,0.46429,0.51587,0.5119,0.55159,0.50794,0.5119,0.52778,0.52381,0.49603,0.48413,0.49206,0.49206,0.53175,0.53571,0.57937,0.52381,0.52381,0.55556,0.53968,0.55952,0.54365,0.49206,0.52381,0.5,0.48016,0.50794,0.53175,0.5,0.48413,0.51587,0.54762,0.53175,0.57143,0.52778,0.56746,0.55159,0.55159,0.51587,0.53968,0.54365,0.59127,0.59127,0.62698,0.5873,0.59524,0.62698,0.60714,0.60317,0.61905,0.61508,0.59127,0.58333,0.59127,0.58333,0.61905,0.60317,0.62302,0.63095,0.65873,0.63095,0.63889,0.59921,0.61111,0.59921,0.54762,0.60714,0.58333,0.63492,0.60714,0.60317,0.60317,0.59127,0.61111,0.59127,0.61111,0.57143,0.5119,0.51984,0.53175,0.53175,0.59127,0.59921,0.61111,0.53175,0.56746,0.55159,0.56746,0.55952,0.56746,0.51587,0.5119,0.50397,0.50794,0.53968,0.55159,0.54762,0.57143,0.53968,0.53175,0.52778,0.52381,0.57937,0.50794,0.55556,0.54762,0.59921,0.59524,0.56746,0.58333,0.61508,0.60317,0.62302,0.63095,0.64683,0.67857,0.59921,0.57937,0.58333,0.56349,0.56349,0.56349,0.56349,0.5754,0.55952,0.53571,0.53968,0.58333,0.52778,0.57143,0.54762,0.53968,0.55159,0.58333,0.55556,0.54365,0.54762,0.5754,0.5873,0.57937,0.5754,0.5754,0.54762,0.54762,0.57937,0.58333,0.55159,0.55556,0.50794,0.53175,0.53968,0.50397,0.52381,0.52381,0.53968,0.49603,0.49206,0.52381,0.48016,0.50397,0.49206,0.5,0.53175,0.55556,0.54365,0.54365,0.59127,0.50794,0.50794,0.47222,0.4881,0.48413,0.50397,0.5,0.55159,0.5119,0.53175,0.52778,0.53571,0.58333,0.54365,0.55952,0.53968,0.54365,0.56746,0.61508,0.59921,0.60317,0.64683,0.65873,0.60317,0.59127,0.54762,0.51587,0.53175,0.55159,0.53968,0.54762,0.54365,0.53175,0.5119,0.5754,0.5754,0.5754,0.58333,0.5,0.56349,0.53571,0.55556,0.55952,0.56746,0.52778,0.54365,0.53571,0.4881,0.52778,0.54762,0.55556,0.55952,0.54762,0.53571,0.54762,0.52778,0.52381,0.49603,0.51984,0.46825,0.55159,0.49206,0.50397,0.5,0.52778,0.52778,0.53968,0.53175,0.52778,0.56349,0.56746,0.55556,0.54762,0.5754,0.52778,0.57143,0.54762,0.55952,0.58333,0.55556,0.5754
0.59843,0.58268,0.54724,0.5315,0.53937,0.50787,0.50394,0.53543,0.48031,0.51969,0.51181,0.51575,0.48819,0.47638,0.47638,0.49213,0.51575,0.52362,0.48819,0.55118,0.5748,0.53937,0.55906,0.59843,0.53543,0.50787,0.45669,0.50787,0.49213,0.52362,0.50787,0.5,0.5315,0.43701,0.4685,0.45669,0.49606,0.46457,0.51575,0.50787,0.53543,0.54724,0.54724,0.58661,0.57874,0.55118,0.56693,0.54331,0.49606,0.45669,0.5315,0.5748,0.56299,0.52362,0.49213,0.50787,0.5315,0.52756,0.5748,0.51181,0.5,0.53937,0.57874,0.58268,0.57087,0.57087,0.51969,0.50394,0.45276,0.48819,0.51181,0.48819,0.47244,0.5315,0.48819,0.48819,0.48425,0.45669,0.47244,0.45669,0.50394,0.54724,0.55906,0.52756,0.51181,0.51969,0.51969,0.50787,0.51181,0.51575,0.45669,0.43701,0.40945,0.41732,0.47638,0.45276,0.48425,0.46063,0.50394,0.48031,0.4685,0.43701,0.45669,0.44882,0.42913,0.42913,0.4252,0.48819,0.48425,0.47638,0.4685,0.46063,0.43701,0.4685,0.47638,0.4685,0.41732,0.46457,0.43307,0.4685,0.48819,0.47638,0.48425,0.51575,0.44488,0.40551,0.41339,0.44094,0.45276,0.44094,0.47244,0.43701,0.42913,0.4685,0.45276,0.48425,0.49213,0.50394,0.51181,0.50394,0.50787,0.5315,0.51181,0.52362,0.53543,0.51969,0.49606,0.48425,0.48425,0.49213,0.44488,0.49213,0.48425,0.48819,0.43701,0.47638,0.47244,0.46457,0.48031,0.47638,0.4685,0.5,0.49213,0.51181,0.49606,0.45276,0.45276,0.4685,0.43701,0.44094,0.44488,0.49606,0.47638,0.49606,0.4252,0.48819,0.51575,0.49606,0.49606,0.53543,0.51181,0.53543,0.48425,0.51575,0.50787,0.51181,0.52756,0.5315,0.5,0.55512,0.56693,0.51969,0.53543,0.51575,0.54331,0.56299,0.52362,0.5,0.54331,0.54724,0.53543,0.57087,0.52756,0.54724,0.53543,0.48819,0.51181,0.49606,0.49606,0.46457,0.50394,0.5,0.51969,0.53937,0.52756,0.50787,0.49606,0.54724,0.53937,0.52756,0.48031,0.48425,0.46457,0.46457,0.52362,0.49213,0.47638,0.4685,0.48425,0.48031,0.51181,0.51575,0.50394,0.47244,0.46457,0.47638,0.49213,0.5,0.44882,0.48031,0.49606,0.5315,0.53937,0.49213,0.51969,0.51969,0.48819,0.48425,0.5,0.50394,0.49606,0.51969,0.52362,0.49213,0.55118,0.5315,0.52756,0.55906,0.55512,0.48819,0.51969,0.50394,0.47638,0.48031,0.48031,0.52362,0.52362,0.50787,0.46457,0.4685,0.51575,0.48819,0.49606,0.49606,0.47244,0.53937,0.48031,0.50394,0.51969,0.51969,0.5315,0.53937,0.49213,0.49606,0.52756,0.52362,0.48425,0.51969,0.4685,0.48031,0.46457,0.46063,0.45276,0.51575,0.49606,0.50394,0.49606,0.50394,0.49606,0.52756,0.56693,0.57874,0.52362,0.53543,0.49213,0.50787,0.50787,0.51575,0.53543,0.48425,0.49213,0.5315,0.50394,0.49606,0.50787,0.51969,0.5315,0.50787,0.50394,0.52756,0.51575,0.48819,0.51181,0.50787,0.5,0.5315,0.51575,0.49213,0.47244,0.52362,0.51575,0.50787,0.51575,0.52362,0.51969,0.51969,0.48031,0.4685,0.48425,0.49606,0.49213,0.56299,0.49606,0.5,0.52362,0.5,0.53543,0.50394,0.51575,0.50394,0.51575,0.51575,0.51969,0.49606,0.49213,0.49213,0.51575,0.47638
0.55597,0.51866,0.52612,0.50746,0.45896,0.50373,0.49254,0.44403,0.49254,0.46642,0.46642,0.4403,0.46642,0.41045,0.45149,0.49254,0.47015,0.45522,0.46269,0.44403,0.47388,0.48507,0.52612,0.51493,0.48881,0.51119,0.51119,0.53731,0.48134,0.51119,0.50373,0.44403,0.50746,0.44776,0.45149,0.41791,0.42164,0.45896,0.43284,0.45149,0.48507,0.45522,0.46642,0.50373,0.50373,0.49254,0.48134,0.42537,0.47015,0.45896,0.53731,0.54478,0.56343,0.52612,0.52985,0.50746,0.47761,0.47015,0.46269,0.48507,0.47761,0.49254,0.50373,0.47761,0.4291,0.43284,0.49254,0.47015,0.45522,0.41045,0.46269,0.47761,0.46642,0.51866,0.48134,0.49254,0.5,0.53731,0.54478,0.54851,0.47761,0.43657,0.42164,0.41045,0.44776,0.46269,0.43284,0.47015,0.46269,0.47015,0.45149,0.5,0.46269,0.47388,0.47015,0.41418,0.42537,0.42164,0.47015,0.44403,0.39925,0.45522,0.46642,0.48881,0.51866,0.51866,0.54478,0.54851,0.53731,0.5,0.48507,0.49254,0.49627,0.48507,0.48507,0.45149,0.45149,0.54104,0.47015,0.45896,0.48507,0.53358,0.46642,0.51493,0.54851,0.53731,0.55597,0.54478,0.53731,0.54478,0.5597,0.54851,0.56716,0.5709,0.52985,0.50746,0.5,0.47761,0.48134,0.45149,0.47388,0.48134,0.5,0.50373,0.48507,0.52612,0.54104,0.52612,0.55597,0.50746,0.51493,0.49627,0.51493,0.5,0.59328,0.57836,0.56343,0.51493,0.52612,0.51119,0.5,0.5,0.47388,0.49254,0.43657,0.48507,0.46642,0.45522,0.50746,0.45896,0.47388,0.51493,0.48134,0.51866,0.52985,0.51119,0.54851,0.5597,0.5597,0.53731,0.54478,0.52985,0.55224,0.57836,0.54851,0.55597,0.54851,0.52612,0.47761,0.47388,0.5597,0.54478,0.53731,0.49627,0.50746,0.53358,0.53731,0.57463,0.5597,0.5597,0.60448,0.57463,0.6194,0.60448,0.59701,0.59701,0.61194,0.62313,0.6194,0.61194,0.6306,0.59701,0.64179,0.59328,0.59701,0.60821,0.59328,0.58955,0.58209,0.60075,0.57836,0.60448,0.6194,0.62687,0.6306,0.6194,0.62687,0.6306,0.6306,0.62687,0.60448,0.56716,0.58209,0.59701,0.58955,0.58582,0.5597,0.56343,0.52612,0.55597,0.55597,0.60821,0.55597,0.57836,0.54851,0.57836,0.61567,0.59328,0.59701,0.58955,0.59701,0.64179,0.60821,0.62313,0.61194,0.60448,0.6306,0.62313,0.60075,0.58955,0.64179,0.59328,0.57463,0.56716,0.52985,0.56343,0.53731,0.56343,0.54851,0.57463,0.54851,0.5709,0.52985,0.49254,0.5,0.50373,0.53731,0.49254,0.48881,0.48881,0.51119,0.55224,0.51119,0.53358,0.52612,0.54104,0.57463,0.55597,0.57836,0.52985,0.5,0.5,0.51866,0.50746,0.51493,0.54104,0.55224,0.53358,0.5709,0.57836,0.53358,0.57463,0.55224,0.54104,0.60075,0.56343,0.56343,0.55224,0.57836,0.51493,0.50373,0.53358,0.57836,0.5,0.51493,0.52612,0.56343,0.54104,0.5597,0.57463,0.5597,0.55224,0.59701,0.53358,0.51866,0.54478,0.56716,0.52239,0.52239,0.57463,0.56716,0.51866,0.5597,0.53358,0.54851,0.53358,0.52612,0.54104,0.53731,0.56343,0.54478,0.56343,0.52239,0.53358,0.56716,0.55224,0.55597,0.55224,0.56716,0.56343,0.5709,0.53731,0.52985,0.49254,0.55224,0.52612,0.48134,0.54478
0.48333,0.4875,0.44583,0.46667,0.49167,0.49167,0.5375,0.4875,0.48333,0.45417,0.4375,0.39583,0.39583,0.49167,0.54583,0.54583,0.54167,0.50833,0.525,0.525,0.48333,0.44167,0.4,0.44167,0.45,0.50417,0.525,0.49583,0.52083,0.575,0.55417,0.54167,0.45417,0.41667,0.47917,0.53333,0.55417,0.55,0.5125,0.47083,0.45417,0.45,0.49583,0.47917,0.50833,0.53333,0.47083,0.49583,0.45,0.46667,0.475,0.475,0.51667,0.5375,0.54167,0.53333,0.55833,0.51667,0.50417,0.47917,0.44583,0.4625,0.45833,0.44583,0.47083,0.44583,0.475,0.48333,0.49583,0.55833,0.54583,0.46667,0.44583,0.42917,0.375,0.42083,0.45833,0.4875,0.45417,0.44583,0.4875,0.52083,0.51667,0.5,0.4875,0.525,0.53333,0.47083,0.44583,0.4375,0.475,0.50833,0.50833,0.55417,0.52083,0.4875,0.45417,0.475,0.47083,0.5125,0.525,0.53333,0.525,0.54167,0.575,0.525,0.5125,0.4625,0.5375,0.50833,0.46667,0.52083,0.52083,0.575,0.55,0.52917,0.50417,0.5,0.53333,0.53333,0.54167,0.53333,0.5625,0.54583,0.52917,0.5375,0.49167,0.44167,0.4625,0.50833,0.5,0.50417,0.475,0.50417,0.4875,0.5,0.49583,0.49583,0.525,0.54583,0.50833,0.49167,0.52083,0.55417,0.52917,0.575,0.575,0.575,0.4875,0.525,0.54583,0.51667,0.5,0.51667,0.525,0.5375,0.54583,0.56667,0.625,0.5625,0.575,0.5375,0.54167,0.5375,0.51667,0.53333,0.49583,0.5,0.52083,0.57917,0.55833,0.57083,0.49583,0.47917,0.5375,0.51667,0.525,0.53333,0.5375,0.53333,0.52083,0.52917,0.47083,0.48333,0.47917,0.49583,0.47917,0.52083,0.53333,0.46667,0.51667,0.5375,0.45833,0.47917,0.45833,0.4625,0.4375,0.45417,0.44583,0.50417,0.48333,0.47083,0.48333,0.47083,0.49583,0.49167,0.49583,0.55417,0.53333,0.525,0.54167,0.49167,0.49167,0.52917,0.4875,0.52917,0.5125,0.5125,0.525,0.4875,0.54167,0.55,0.52083,0.50417,0.52917,0.5625,0.52917,0.525,0.52083,0.49167,0.52083,0.55,0.54167,0.53333,0.53333,0.50833,0.50417,0.51667,0.52917,0.4875,0.55417,0.55,0.53333,0.52917,0.525,0.575,0.57083,0.58333,0.55417,0.55,0.5625,0.55,0.5375,0.53333,0.5125,0.5375,0.48333,0.51667,0.4875,0.51667,0.5,0.52083,0.53333,0.50417,0.54167,0.55,0.4875,0.52083,0.54583,0.54167,0.54167,0.5625,0.57083,0.57083,0.54583,0.57083,0.55833,0.5625,0.56667,0.62917,0.5875,0.6,0.58333,0.55833,0.54167,0.57083,0.52917,0.52917,0.58333,0.56667,0.5375,0.5875,0.56667,0.5875,0.57083,0.56667,0.5625,0.57917,0.5875,0.55417,0.5125,0.5625,0.50417,0.51667,0.52083,0.54583,0.5125,0.53333,0.54583,0.55833,0.52083,0.50417,0.55417,0.50417,0.52083,0.525,0.57917,0.5375,0.51667,0.55833,0.53333,0.54583,0.53333,0.52083,0.56667,0.57083,0.59583,0.625,0.5625,0.59167,0.57083,0.55417,0.5875,0.53333,0.55417,0.51667,0.52083,0.51667,0.55417,0.5375,0.52917,0.54167,0.55,0.52917,0.49167,0.55,0.48333,0.50417,0.48333,0.52083,0.50833,0.54167,0.51667,0.50833,0.54167,0.54583,0.5125,0.52917
0.51969,0.55906,0.49213,0.45276,0.48031,0.48819,0.50394,0.45276,0.55118,0.57874,0.52362,0.56693,0.59055,0.58661,0.52362,0.55118,0.57087,0.52756,0.50394,0.43307,0.46063,0.55906,0.54331,0.50394,0.49606,0.45669,0.51181,0.54724,0.54331,0.49606,0.48425,0.5315,0.53937,0.48425,0.5,0.52362,0.48425,0.48819,0.55512,0.56299,0.54331,0.61024,0.54724,0.51575,0.45669,0.53543,0.48031,0.43307,0.46063,0.5,0.49213,0.49213,0.51181,0.51575,0.48031,0.52362,0.51181,0.53543,0.49606,0.51575,0.45276,0.48819,0.4685,0.47244,0.4252,0.4685,0.50394,0.4685,0.49606,0.49606,0.49213,0.49606,0.46063,0.51575,0.47638,0.50394,0.5,0.50394,0.55512,0.54724,0.50787,0.51181,0.53543,0.5315,0.5315,0.54331,0.59055,0.55512,0.56299,0.57087,0.61417,0.54331,0.59055,0.61417,0.57874,0.55118,0.5748,0.54331,0.58661,0.59449,0.54724,0.5315,0.50787,0.48819,0.55906,0.57087,0.56693,0.56299,0.52362,0.49213,0.5,0.52362,0.52362,0.50787,0.47244,0.4685,0.4685,0.47638,0.46063,0.4685,0.52362,0.54724,0.49606,0.5,0.5,0.4685,0.45669,0.51969,0.54331,0.51575,0.51181,0.5315,0.55512,0.55512,0.56693,0.59449,0.57087,0.57087,0.51181,0.5315,0.5315,0.51969,0.5,0.50787,0.49606,0.52362,0.52756,0.52756,0.51181,0.56693,0.63386,0.60236,0.56693,0.57874,0.56693,0.56299,0.58268,0.5748,0.56693,0.59055,0.57874,0.53937,0.53543,0.55118,0.57087,0.56693,0.53543,0.53543,0.48425,0.44094,0.45669,0.48425,0.48425,0.47638,0.43701,0.48819,0.50394,0.52362,0.55118,0.57087,0.58661,0.58268,0.57087,0.55512,0.55512,0.51575,0.53937,0.49606,0.48425,0.49213,0.52362,0.47638,0.50394,0.48031,0.50787,0.49606,0.51969,0.52756,0.5315,0.53937,0.54331,0.53543,0.53937,0.50394,0.55512,0.55118,0.55118,0.59449,0.52362,0.5315,0.53543,0.53543,0.52362,0.51575,0.52756,0.52756,0.49606,0.55118,0.55512,0.5748,0.5748,0.55118,0.53937,0.52756,0.52362,0.50394,0.48031,0.47244,0.50787,0.49606,0.50394,0.50394,0.54331,0.4685,0.5,0.48031,0.48425,0.49606,0.51969,0.51575,0.49606,0.49213,0.46063,0.52756,0.54724,0.55118,0.55118,0.54331,0.5748,0.58661,0.56693,0.56299,0.49213,0.5315,0.49606,0.51575,0.49606,0.51181,0.52362,0.53543,0.59843,0.59843,0.55512,0.54331,0.56693,0.55906,0.57087,0.52362,0.53543,0.51181,0.56693,0.56693,0.56299,0.5748,0.58268,0.59449,0.58661,0.52362,0.51575,0.56299,0.55118,0.5315,0.53937,0.55118,0.53543,0.56299,0.55512,0.57087,0.53937,0.55906,0.58268,0.55906,0.53543,0.54724,0.46063,0.4685,0.51181,0.54724,0.53937,0.56299,0.54331,0.5315,0.59843,0.63386,0.61417,0.59843,0.58661,0.55906,0.53543,0.56299,0.55118,0.57874,0.6063,0.57087,0.55118,0.54724,0.56299,0.56299,0.5748,0.55512,0.5748,0.58268,0.61417,0.6378,0.54724,0.59843,0.56299,0.62205,0.59055,0.5748,0.57874,0.59449,0.59055,0.59449,0.5748,0.59449,0.60236,0.56299,0.59449,0.5748,0.58661,0.60236,0.59449,0.59843,0.58268,0.60236,0.61811,0.60236,0.57087,0.58268,0.59055,0.58268,0.60236,0.57874,0.6063,0.57087,0.59449,0.62205
0.5041,0.5041,0.52459,0.48361,0.51639,0.41393,0.56557,0.52049,0.51639,0.56148,0.54098,0.54508,0.54508,0.55328,0.47131,0.47951,0.5,0.4877,0.4877,0.56557,0.47131,0.45902,0.4959,0.54098,0.5082,0.51639,0.4877,0.54508,0.4918,0.55328,0.58197,0.61066,0.52869,0.46721,0.48361,0.43443,0.54508,0.52869,0.55328,0.52459,0.53689,0.52459,0.44262,0.5041,0.5082,0.47951,0.43443,0.44672,0.44672,0.46721,0.5082,0.52459,0.58197,0.54098,0.52049,0.47951,0.5,0.4959,0.46721,0.43033,0.41803,0.45902,0.47541,0.5123,0.4877,0.47951,0.43443,0.43033,0.47951,0.44672,0.47541,0.42623,0.41393,0.42623,0.40984,0.45082,0.45492,0.47131,0.4877,0.5,0.5,0.48361,0.48361,0.46311,0.43852,0.43852,0.40984,0.43852,0.46721,0.45082,0.47951,0.45082,0.45902,0.4877,0.46311,0.5041,0.47951,0.40984,0.43443,0.43443,0.4877,0.5041,0.48361,0.52049,0.52459,0.5041,0.55328,0.54098,0.63934,0.58607,0.58607,0.54508,0.57787,0.52049,0.53689,0.4877,0.51639,0.46721,0.5123,0.55738,0.45902,0.5082,0.48361,0.5082,0.54508,0.52049,0.45902,0.43033,0.46721,0.46721,0.4877,0.43852,0.43443,0.5,0.44672,0.44672,0.38934,0.43033,0.45902,0.42623,0.43852,0.46311,0.47541,0.47951,0.45492,0.4959,0.52049,0.48361,0.4918,0.51639,0.5,0.54508,0.53279,0.5123,0.47131,0.5082,0.5082,0.4959,0.5,0.46721,0.43852,0.4877,0.45902,0.45082,0.43443,0.44262,0.40574,0.44672,0.37295,0.43443,0.5082,0.47951,0.46721,0.45082,0.4918,0.45082,0.5041,0.47131,0.46721,0.43443,0.46311,0.4877,0.47951,0.52459,0.5123,0.51639,0.5082,0.53689,0.52049,0.55328,0.52049,0.5123,0.5041,0.52459,0.48361,0.48361,0.4877,0.48361,0.51639,0.5082,0.52049,0.47951,0.4877,0.46311,0.4877,0.47951,0.5041,0.46311,0.46721,0.4877,0.46721,0.4877,0.47541,0.4959,0.5082,0.53279,0.52049,0.45492,0.4918,0.46721,0.48361,0.5,0.5,0.4918,0.45902,0.4959,0.4877,0.47951,0.46721,0.45492,0.46311,0.45902,0.46721,0.47131,0.5082,0.4918,0.45902,0.4918,0.48361,0.4918,0.47541,0.47541,0.4877,0.46721,0.46311,0.46311,0.45492,0.46311,0.46721,0.45902,0.5,0.5041,0.47951,0.4959,0.47131,0.4877,0.48361,0.5123,0.45492,0.5041,0.52869,0.47951,0.47131,0.48361,0.43852,0.5041,0.47131,0.5123,0.48361,0.4918,0.4877,0.52049,0.4959,0.5,0.5082,0.47541,0.43852,0.44672,0.47951,0.5,0.5041,0.48361,0.5,0.5,0.4877,0.53689,0.5082,0.53689,0.55328,0.56557,0.52869,0.57787,0.52459,0.45902,0.47541,0.5082,0.4959,0.51639,0.48361,0.5,0.5123,0.4918,0.48361,0.5,0.54918,0.54918,0.51639,0.53689,0.56148,0.54918,0.55328,0.54508,0.56148,0.56967,0.54098,0.51639,0.52459,0.52869,0.52049,0.45902,0.46721,0.5,0.52459,0.54918,0.52459,0.4918,0.48361,0.5123,0.51639,0.5082,0.4918,0.47951,0.4877,0.5082,0.46721,0.4918,0.5082,0.52049,0.47951,0.4918,0.47131,0.52869,0.4918,0.5123,0.51639,0.48361,0.47951,0.5041,0.5123,0.47131,0.52049,0.55328,0.52459,0.52049,0.5,0.5082,0.52869,0.51639
0.4633,0.52752,0.44954,0.3945,0.45872,0.56881,0.50917,0.51376,0.48624,0.53211,0.48165,0.49541,0.45872,0.38073,0.37615,0.37615,0.51376,0.5,0.45413,0.50459,0.5,0.55046,0.50917,0.46789,0.43119,0.4633,0.48624,0.52294,0.52294,0.52752,0.59174,0.55505,0.50917,0.45872,0.43578,0.54587,0.48624,0.54128,0.5,0.57798,0.52752,0.58257,0.55963,0.50459,0.47248,0.43119,0.47706,0.5,0.47706,0.51376,0.49541,0.51376,0.54128,0.48624,0.51376,0.50917,0.46789,0.47706,0.43578,0.44037,0.49541,0.45413,0.44495,0.46789,0.4633,0.5367,0.51376,0.55963,0.51376,0.54587,0.57798,0.58716,0.6055,0.61468,0.56881,0.55505,0.5367,0.50917,0.54128,0.54128,0.51835,0.50917,0.56422,0.50459,0.49083,0.50459,0.42661,0.44954,0.49541,0.46789,0.5,0.4633,0.49083,0.5367,0.55046,0.56881,0.54587,0.62844,0.55505,0.54587,0.57798,0.58716,0.56422,0.54587,0.55505,0.44037,0.45413,0.49083,0.55046,0.52294,0.51376,0.5367,0.54587,0.54128,0.5367,0.50917,0.5,0.44954,0.55046,0.56881,0.49541,0.51376,0.54587,0.44495,0.48624,0.52752,0.52294,0.52752,0.47248,0.48624,0.47248,0.52294,0.53211,0.47248,0.49541,0.45413,0.49541,0.52294,0.50459,0.55963,0.52752,0.55963,0.56422,0.56881,0.56881,0.59633,0.58716,0.54587,0.53211,0.52294,0.55046,0.63303,0.58257,0.53211,0.45413,0.49083,0.40367,0.45413,0.51835,0.55963,0.54128,0.50459,0.54587,0.41284,0.5,0.45872,0.46789,0.47706,0.52752,0.49541,0.44954,0.43578,0.42202,0.37156,0.47248,0.46789,0.51835,0.51835,0.54587,0.5367,0.5,0.51376,0.5,0.5367,0.55963,0.5,0.49083,0.51835,0.5,0.51376,0.50917,0.57339,0.55963,0.55963,0.56881,0.61009,0.60092,0.61009,0.58257,0.49083,0.49083,0.48165,0.50459,0.51376,0.46789,0.48624,0.53211,0.51835,0.54128,0.54587,0.51376,0.51835,0.51376,0.50917,0.52294,0.5,0.46789,0.49541,0.50917,0.52752,0.5,0.48165,0.52294,0.44954,0.42202,0.44954,0.44495,0.40826,0.38991,0.45413,0.55046,0.52294,0.51835,0.4633,0.47248,0.49541,0.52294,0.52294,0.5,0.47706,0.44495,0.43578,0.43119,0.44495,0.41743,0.43119,0.44037,0.51376,0.48165,0.50917,0.44954,0.48165,0.49541,0.49541,0.51376,0.4633,0.52294,0.53211,0.51376,0.53211,0.53211,0.49541,0.5,0.48624,0.47248,0.54128,0.55046,0.5,0.49083,0.45413,0.47248,0.47248,0.44495,0.41743,0.47248,0.45872,0.49083,0.46789,0.5,0.56422,0.47248,0.47248,0.50917,0.5,0.44495,0.54128,0.48165,0.51376,0.4633,0.52752,0.5,0.50459,0.47248,0.48165,0.51376,0.47248,0.38532,0.53211,0.51376,0.46789,0.54128,0.5367,0.51835,0.52294,0.55963,0.50459,0.48624,0.48165,0.49083,0.48165,0.46789,0.51835,0.49541,0.51835,0.50459,0.5367,0.48165,0.47706,0.49541,0.40367,0.44037,0.43119,0.43578,0.38532,0.43578,0.4633,0.45413,0.44037,0.39908,0.44495,0.42661,0.45872,0.44037,0.4633,0.49541,0.50917,0.53211,0.45872,0.43578,0.44954,0.41743,0.45872,0.49083,0.4633,0.46789,0.47248,0.4633,0.47248,0.45872,0.48624,0.49083,0.46789,0.49083,0.4633,0.42661,0.50459,0.47248,0.4633
